support,itemsets
0.05625776284065171,frozenset({'STRAWBERRY CERAMIC TRINKET BOX'})
0.018971773702540124,frozenset({'SAVE THE PLANET MUG'})
0.016901682862083243,frozenset({'PINK DOUGHNUT TRINKET POT '})
0.013516475487689047,"frozenset({'RECORD FRAME 7"" SINGLE SIZE '})"
0.012591023111955384,frozenset({'15CM CHRISTMAS GLASS BALL 20 LIGHTS'})
0.06838605976474027,frozenset({'ASSORTED COLOUR BIRD ORNAMENT'})
0.050315384428046075,frozenset({'HOME BUILDING BLOCK WORD'})
0.04130440076958671,frozenset({'LOVE BUILDING BLOCK WORD'})
0.04113392270037262,frozenset({'SCOTTIE DOG HOT WATER BOTTLE'})
0.020286890236477437,frozenset({'HEART IVORY TRELLIS LARGE'})
0.0193857918706315,frozenset({'AREA PATROLLED METAL SIGN'})
0.017193930980735978,frozenset({'HEART FILIGREE DOVE LARGE'})
0.015659628357809114,frozenset({'FULL ENGLISH BREAKFAST PLATE'})
0.014953362071065,frozenset({'SMALL MARSHMALLOWS PINK BOWL'})
0.014149679744769977,frozenset({'BATH BUILDING BLOCK WORD'})
0.01227442098341492,frozenset({'CHRISTMAS CRAFT WHITE FAIRY '})
0.04191325101677991,frozenset({'CHOCOLATE HOT WATER BOTTLE'})
0.03709115705900977,frozenset({'HANGING HEART ZINC T-LIGHT HOLDER'})
0.02795840335111176,frozenset({'PINK BLUE FELT CRAFT TRINKET BOX'})
0.020213828206814253,frozenset({'VINTAGE SNAKES & LADDERS'})
0.01916660578164195,frozenset({'FELTCRAFT DOLL ROSIE'})
0.015976230486349576,frozenset({'FELTCRAFT DOLL EMILY'})
0.015927522466574123,frozenset({'PACK OF 20 SKULL PAPER NAPKINS'})
0.011982172864762183,frozenset({'RETRO COFFEE MUGS ASSORTED'})
0.010326100192396678,frozenset({'PARTY CONE CHRISTMAS DECORATION '})
0.010204330142958039,frozenset({'WOODEN BOX ADVENT CALENDAR '})
0.025693480431553055,frozenset({'JUMBO BAG TOYS '})
0.016122354545675944,frozenset({'CHARLIE+LOLA PINK HOT WATER BOTTLE'})
0.01519690216994228,frozenset({'GINGHAM HEART  DOORSTOP RED'})
0.014636759942524537,frozenset({'CHARLIE + LOLA RED HOT WATER BOTTLE'})
0.013954847665668152,frozenset({'JUMBO BAG CHARLIE AND LOLA TOYS'})
0.013516475487689047,frozenset({'DINOSAURS  WRITING SET '})
0.04661357492511142,frozenset({'BAKING SET 9 PIECE RETROSPOT '})
0.04507927230218455,frozenset({'POSTAGE'})
0.03743211319743796,frozenset({'RED TOADSTOOL LED NIGHT LIGHT'})
0.0187769416234383,frozenset({'RETRO SPOT TEA SET CERAMIC 11 PC '})
0.01865517157399966,frozenset({'ASSORTED COLOUR MINI CASES'})
0.01115413652857943,frozenset({'CHRISTMAS PUDDING TRINKET POT '})
0.010715764350600326,frozenset({'WRAP ENGLISH ROSE '})
0.010253038162733494,frozenset({'RED/WHITE DOTS RUFFLED UMBRELLA'})
0.027885341321448577,frozenset({'RED WOOLLY HOTTIE WHITE HEART.'})
0.13297289398699497,frozenset({'WHITE HANGING HEART T-LIGHT HOLDER'})
0.04598037066803049,frozenset({'VINTAGE SNAP CARDS'})
0.020165120187038796,frozenset({'BINGO SET'})
0.019824164048610603,frozenset({'SET/3 RED GINGHAM ROSE STORAGE BOX'})
0.017364409049950073,frozenset({'SET 12 RETRO WHITE CHALK STICKS'})
0.011324614597793527,frozenset({'SET3 BOOK BOX GREEN GINGHAM FLOWER '})
0.010691410340712599,frozenset({'RAINY LADIES BIRTHDAY CARD'})
0.03253695721000463,frozenset({'BATHROOM METAL SIGN'})
0.027032950975378094,frozenset({'LADIES & GENTLEMEN METAL SIGN'})
0.010374808212172133,frozenset({'SET/2 RED SPOTTY TEA TOWELS '})
0.010228684152845766,frozenset({'RETRO RED SPOTTY WASHING UP GLOVES'})
0.03942914200823166,frozenset({'JUMBO BAG PINK VINTAGE PAISLEY'})
0.027982757360999488,frozenset({'LOVEBIRD HANGING DECORATION WHITE '})
0.024816736075594845,frozenset({'SET OF 72 PINK HEART PAPER DOILIES'})
0.05033973843793381,frozenset({'LUNCH BAG CARS BLUE'})
0.049146391953435134,"frozenset({""PAPER CHAIN KIT 50'S CHRISTMAS ""})"
0.04695453106353961,frozenset({'LUNCH BAG WOODLAND'})
0.04422688195611407,frozenset({'VICTORIAN GLASS HANGING T-LIGHT'})
0.0428630574024013,frozenset({'RED HANGING HEART T-LIGHT HOLDER'})
0.038552397652273446,frozenset({'HOT WATER BOTTLE TEA AND SYMPATHY'})
0.02968753805314045,frozenset({'LUNCH BAG RED SPOTTY'})
0.02267358320547478,frozenset({'CREAM SWEETHEART MINI CHEST'})
0.02143152870120065,frozenset({'JUMBO BAG SCANDINAVIAN PAISLEY'})
0.02096880251333382,frozenset({'HEART FILIGREE DOVE  SMALL'})
0.01962933196950878,frozenset({'LARGE HEART MEASURING SPOONS'})
0.019020481722315578,frozenset({'RED SPOTTY CHARLOTTE BAG'})
0.017705365188378265,frozenset({'RED SPOT CERAMIC DRAWER KNOB'})
0.014393219843647257,frozenset({'PAPER CHAIN KIT RETRO SPOT'})
0.013029395289934487,frozenset({'JUMBO BAG RED WHITE SPOTTY '})
0.011275906578018071,frozenset({'RED SPOTTY ROUND CAKE TINS'})
0.011081074498916247,frozenset({'RED SPOT HEART HOT WATER BOTTLE'})
0.026302330678746256,frozenset({'ANTIQUE SILVER TEA GLASS ETCHED'})
0.02062784637490563,frozenset({'PAPER BUNTING WHITE LACE'})
0.019069189742091035,frozenset({'PAPER BUNTING RETRO SPOTS'})
0.051800979031197486,frozenset({'60 TEATIME FAIRY CAKE CASES'})
0.04853754170624193,frozenset({'PACK OF 60 PINK PAISLEY CAKE CASES'})
0.019726748009059693,frozenset({'FELTCRAFT DOLL MOLLY'})
0.05014490635883198,frozenset({'WOODEN FRAME ANTIQUE WHITE '})
0.0343391539416965,frozenset({'PACK OF 72 RETRO SPOT CAKE CASES'})
0.02734955310391856,frozenset({'WOOD 2 DRAWER CABINET WHITE FINISH'})
0.02610749859964443,frozenset({'WOOD S/3 CABINET ANT WHITE FINISH'})
0.020092058157375612,frozenset({'RED STRIPE CERAMIC DRAWER KNOB'})
0.01984851805849833,frozenset({'WHITE SPOT RED CERAMIC DRAWER KNOB'})
0.019604977959621052,frozenset({'BLUE STRIPE CERAMIC DRAWER KNOB'})
0.018703879593775116,frozenset({'BLUE SPOT CERAMIC DRAWER KNOB'})
0.018582109544336475,frozenset({'WHITE SPOT BLUE CERAMIC DRAWER KNOB'})
0.025571710382114414,frozenset({'FAWN BLUE HOT WATER BOTTLE'})
0.012030880884537638,frozenset({'VINTAGE CREAM 3 BASKET CAKE STAND'})
0.011470738657119894,frozenset({'FUNKY WASHING UP GLOVES ASSORTED'})
0.036092642653612915,frozenset({'SWEETHEART CERAMIC TRINKET BOX'})
0.034022551813156034,frozenset({'PINK CREAM FELT CRAFT TRINKET BOX '})
0.03217164706168871,frozenset({'JUMBO STORAGE BAG SKULLS'})
0.021041864542997005,frozenset({'CHICK GREY HOT WATER BOTTLE'})
0.015732690387472298,frozenset({'COFFEE MUG CAT + BIRD DESIGN'})
0.01397920167555588,frozenset({'PINK FLORAL FELTCRAFT SHOULDER BAG'})
0.012834563210832664,frozenset({'COFFEE MUG DOG + BALL DESIGN'})
0.01164121672633399,frozenset({'BLUE 3 PIECE MINI DOTS CUTLERY SET'})
0.01091059642970215,frozenset({'PINK 3 PIECE MINI DOTS CUTLERY SET'})
0.022649229195587053,frozenset({'WHITE SKULL HOT WATER BOTTLE '})
0.021285404641874284,frozenset({'TEA TIME PARTY BUNTING'})
0.03838191958305935,frozenset({'WOODLAND CHARLOTTE BAG'})
0.032049877012250066,frozenset({'VINTAGE HEADS AND TAILS CARD GAME '})
0.018435985485010107,frozenset({'COLOUR GLASS. STAR T-LIGHT HOLDER'})
0.01828986142568374,frozenset({'LAUNDRY 15C METAL SIGN'})
0.015172548160054552,frozenset({'POTTERING MUG'})
0.01285891722072039,frozenset({'VICTORIAN SEWING BOX LARGE'})
0.012298774993302647,frozenset({'NO JUNK MAIL METAL SIGN'})
0.011909110835099,"frozenset({'AIRLINE LOUNGE,METAL SIGN'})"
0.011616862716446262,frozenset({'CERAMIC CAKE STAND + HANGING CAKES'})
0.010009498063856214,frozenset({'UNION JACK FLAG PASSPORT COVER '})
0.056744843038406274,frozenset({'JUMBO STORAGE BAG SUKI'})
0.01263973113173084,frozenset({'GINGHAM HEART DECORATION'})
0.012420545042741288,frozenset({'HEART DECORATION PAINTED ZINC '})
0.012177004943864008,frozenset({'RED 3 PIECE MINI DOTS CUTLERY SET'})
0.0355568544360829,frozenset({'HAND OVER THE CHOCOLATE   SIGN '})
0.023720805630647088,frozenset({'CHOCOLATE THIS WAY METAL SIGN'})
0.016877328852195513,frozenset({'SILVER HANGING T-LIGHT HOLDER'})
0.015659628357809114,frozenset({'AGED GLASS SILVER T-LIGHT HOLDER'})
0.014027909695331336,frozenset({'12 PENCILS TALL TUBE SKULLS'})
0.03429044592192104,frozenset({'ZINC METAL HEART DECORATION'})
0.02805581939066267,frozenset({'NO SINGING METAL SIGN'})
0.02367209761087163,frozenset({'PARTY METAL SIGN '})
0.02330678746255571,frozenset({'RIBBON REEL STRIPES DESIGN '})
0.02240568909670977,frozenset({'GRAND CHOCOLATECANDLE'})
0.020165120187038796,frozenset({'FOUR HOOK  WHITE LOVEBIRDS'})
0.014782884001850904,frozenset({'GLITTER BUTTERFLY CLIPS'})
0.013467767467913592,frozenset({'PAPER BUNTING VINTAGE PAISLEY'})
0.011300260587905798,frozenset({'DOOR MAT NEW ENGLAND'})
0.010691410340712599,frozenset({'NOEL WOODEN BLOCK LETTERS '})
0.042643871313411755,frozenset({'6 RIBBONS RUSTIC CHARM'})
0.03918560190935438,frozenset({'GIN + TONIC DIET METAL SIGN'})
0.03470446409001242,frozenset({'COOK WITH WINE METAL SIGN '})
0.027641801222571295,frozenset({'POTTERING IN THE SHED METAL SIGN'})
0.027373907113806287,frozenset({'WOODEN BOX OF DOMINOES'})
0.025206400233798495,frozenset({'DOORMAT HEARTS'})
0.024573195976717567,frozenset({'KNITTED UNION FLAG HOT WATER BOTTLE'})
0.0242565938481771,frozenset({'GREY HEART HOT WATER BOTTLE'})
0.023964345729524366,frozenset({'SET/6 RED SPOTTY PAPER PLATES'})
0.02169942280996566,frozenset({'SCANDINAVIAN REDS RIBBONS'})
0.02145588271108838,frozenset({'POTTING SHED TEA MUG'})
0.020530430335354715,frozenset({'SET/6 RED SPOTTY PAPER CUPS'})
0.017997613307031004,frozenset({'PAINTED METAL PEARS ASSORTED'})
0.017486179099388714,frozenset({'TRADITIONAL CHRISTMAS RIBBONS'})
0.015343026229268648,frozenset({'I CAN ONLY PLEASE ONE PERSON MUG'})
0.01422274177443316,frozenset({'COLOURING PENCILS BROWN TUBE'})
0.013151165339373128,frozenset({'COFFEE MUG APPLES DESIGN'})
0.012177004943864008,frozenset({'METAL SIGN EMPIRE TEA'})
0.011178490538467159,frozenset({'CHOCOLATE CALCULATOR'})
0.010813180390151238,frozenset({'CAMOUFLAGE LED TORCH'})
0.010569640291273958,frozenset({'RED SPOTTY CUP'})
0.01030174618250895,frozenset({'RED SPOTTY BOWL'})
0.010082560093519398,frozenset({'KINGS CHOICE MUG'})
0.027982757360999488,frozenset({'EDWARDIAN PARASOL NATURAL'})
0.023136309393341613,frozenset({'PACK OF 60 MUSHROOM CAKE CASES'})
0.022990185334015246,frozenset({'EDWARDIAN PARASOL BLACK'})
0.021528944740751566,frozenset({'SET/5 RED SPOTTY LID GLASS BOWLS'})
0.01544044226881956,frozenset({'ZINC WILLIE WINKIE  CANDLE STICK'})
0.01263973113173084,frozenset({'RETRO SPOT LARGE MILK JUG'})
0.012591023111955384,frozenset({'RED SPOTTY SHOPPER BAG'})
0.02428094785806483,frozenset({'RED GINGHAM ROSE JEWELLERY BOX'})
0.017827135237816906,frozenset({'PACK 20 ENGLISH ROSE PAPER NAPKINS'})
0.01668249677309369,frozenset({'SWALLOWS GREETING CARD'})
0.01544044226881956,frozenset({'ROBOT BIRTHDAY CARD'})
0.012347483013078104,frozenset({'PENNY FARTHING BIRTHDAY CARD'})
0.012250066973527192,frozenset({'SKULLS  WATER TRANSFER TATTOOS '})
0.011032366479140791,frozenset({'UNION JACK FLAG LUGGAGE TAG'})
0.046345680816346414,frozenset({'REX CASH+CARRY JUMBO SHOPPER'})
0.022381335086822045,frozenset({'PACK OF 12 HEARTS DESIGN TISSUES '})
0.01841163147512238,frozenset({'ROTATING SILVER ANGELS T-LIGHT HLDR'})
0.012201358953751735,frozenset({'ROMANTIC PINKS RIBBONS '})
0.011592508706558535,frozenset({'ASSTD DESIGN BUBBLE GUM RING'})
0.057256277246048565,frozenset({'LUNCH BAG  BLACK SKULL.'})
0.034460923991135144,frozenset({'JUMBO BAG WOODLAND ANIMALS'})
0.03200116899247461,frozenset({'JUMBO BAG OWLS'})
0.03163585884415869,frozenset({'CREAM HEART CARD HOLDER'})
0.02756873919290811,frozenset({'FELTCRAFT BUTTERFLY HEARTS'})
0.019921580088161518,frozenset({'TRADITIONAL WOODEN CATCH CUP GAME '})
0.019410145880519227,frozenset({'SET OF 20 KIDS COOKIE CUTTERS'})
0.019190959791529676,frozenset({'SET 12 KIDS COLOUR  CHALK STICKS'})
0.01765665716860281,frozenset({'SKULL SHOULDER BAG'})
0.013565183507464504,frozenset({'PHOTO CUBE'})
0.013345997418474953,frozenset({'S/6 WOODEN SKITTLES IN COTTON BAG'})
0.0125179610822922,frozenset({'STRAWBERRY BATH SPONGE '})
0.012103942914200824,frozenset({'MODERN FLORAL STATIONERY SET'})
0.011495092667007623,frozenset({'VINTAGE BILLBOARD DRINK ME MUG'})
0.011300260587905798,frozenset({'SAVE THE PLANET COTTON TOTE BAG'})
0.011251552568130343,frozenset({'SLATE TILE NATURAL HANGING'})
0.010228684152845766,frozenset({'SANDWICH BATH SPONGE'})
0.014929008061177272,frozenset({'RED FLORAL FELTCRAFT SHOULDER BAG'})
0.014052263705219064,frozenset({'FLORAL FOLK STATIONERY SET'})
0.011714278755997174,frozenset({'GLITTER HANGING BUTTERFLY STRING'})
0.011689924746109448,frozenset({'FRYING PAN UNION FLAG'})
0.011032366479140791,frozenset({'BROWN CHECK CAT DOORSTOP '})
0.014125325734882248,frozenset({'SLEEPING CAT ERASERS'})
0.012785855191057207,frozenset({'BIG DOUGHNUT FRIDGE MAGNETS'})
0.02294147731423979,frozenset({'SET/20 RED SPOTTY PAPER NAPKINS '})
0.011665570736221719,frozenset({'PACK OF 12 SKULL TISSUES'})
0.01665814276320596,frozenset({'RIBBON REEL HEARTS DESIGN '})
0.012469253062516743,frozenset({'BIRD HOUSE HOT WATER BOTTLE'})
0.023866929689973455,frozenset({'SMALL HEART MEASURING SPOONS'})
0.01741311706972553,frozenset({'PINK HEART SHAPE EGG FRYING PAN'})
0.017072160931297337,frozenset({'FAMILY ALBUM WHITE PICTURE FRAME'})
0.012712793161394023,frozenset({'TEA TIME CAKE STAND IN GIFT BOX'})
0.04573683056915321,frozenset({'JUMBO  BAG BAROQUE BLACK WHITE'})
0.011422030637344439,frozenset({'WHITE JEWELLED HEART DECORATION'})
0.011324614597793527,frozenset({'TEA BAG PLATE RED SPOTTY '})
0.016852974842307786,frozenset({'FOOD CONTAINER SET 3 LOVE HEART '})
0.01239619103285356,frozenset({'APPLE BATH SPONGE'})
0.010618348311049415,frozenset({'MOROCCAN TEA GLASS'})
0.010496578261610774,frozenset({'ROSE CARAVAN DOORSTOP'})
0.01585446043691094,frozenset({'OPEN CLOSED METAL SIGN'})
0.013686953556903143,frozenset({'CHOCOLATE BOX RIBBONS '})
0.020384306276028347,"frozenset({'KEY FOB , SHED'})"
0.016779912812644602,"frozenset({'KEY FOB , BACK DOOR '})"
0.011543800686783078,"frozenset({'KEY FOB , FRONT  DOOR '})"
0.0488541438347824,frozenset({'WOODEN PICTURE FRAME WHITE FINISH'})
0.031465380774944596,frozenset({'VINTAGE UNION JACK BUNTING'})
0.020043350137600155,frozenset({'12 PENCILS SMALL TUBE SKULL'})
0.015245610189717738,frozenset({'VINTAGE UNION JACK CUSHION COVER'})
0.012493607072404472,frozenset({'12 PENCILS TALL TUBE WOODLAND'})
0.012030880884537638,frozenset({'LAVENDER SCENTED FABRIC HEART'})
0.011811694795548087,frozenset({'36 PENCILS TUBE WOODLAND'})
0.01349212147780132,frozenset({'SET OF 72 RETRO SPOT PAPER  DOILIES'})
0.020408660285916078,frozenset({'TRADITIONAL WOODEN SKIPPING ROPE'})
0.014514989893085896,frozenset({'CHRISTMAS TOILET ROLL'})
0.024865444095370302,frozenset({'WORLD WAR 2 GLIDERS ASSTD DESIGNS'})
0.013565183507464504,frozenset({'36 PENCILS TUBE SKULLS'})
0.01054528628138623,frozenset({'JAZZ HEARTS PURSE NOTEBOOK'})
0.06517133045956017,frozenset({'PARTY BUNTING'})
0.01743747107961326,frozenset({'PLACE SETTING WHITE HEART'})
0.014149679744769977,frozenset({'HEART DECORATION WITH PEARLS '})
0.010764472370375783,frozenset({'MOUSE TOY WITH PINK T-SHIRT'})
0.0355568544360829,frozenset({'72 SWEETHEART FAIRY CAKE CASES'})
0.023599035581208447,frozenset({'HEART IVORY TRELLIS SMALL'})
0.025961374540318063,frozenset({'SMALL GLASS HEART TRINKET POT'})
0.020579138355130172,frozenset({'TEA PARTY BIRTHDAY CARD'})
0.013175519349260856,frozenset({'VINTAGE KID DOLLY CARD '})
0.012956333260271303,frozenset({'SET OF 4 ENGLISH ROSE COASTERS'})
0.010106914103407126,frozenset({'GLASS HEART T-LIGHT HOLDER '})
0.015075132120503642,frozenset({'PAPER BUNTING COLOURED LACE'})
0.01300504128004676,frozenset({'FIRST AID TIN'})
0.011836048805435815,frozenset({'GAOLERS KEYS DECORATIVE GARDEN '})
0.011373322617568982,frozenset({'SET 12 KIDS  WHITE CHALK STICKS'})
0.04524975037139865,frozenset({'JUMBO BAG STRAWBERRY'})
0.01680426682253233,frozenset({'IVORY HANGING DECORATION  HEART'})
0.021845546869292028,frozenset({'RED SPOTTY BISCUIT TIN'})
0.03606828864372519,frozenset({'PACK OF 72 SKULL CAKE CASES'})
0.031733274883709604,frozenset({'PACK OF 60 DINOSAUR CAKE CASES'})
0.03066169844864957,frozenset({'COLOUR GLASS T-LIGHT HOLDER HANGING'})
0.010764472370375783,frozenset({'CACTI T-LIGHT CANDLES'})
0.027885341321448577,frozenset({'SINGLE HEART ZINC T-LIGHT HOLDER'})
0.016098000535788217,frozenset({'3 HOOK PHOTO SHELF ANTIQUE WHITE'})
0.012956333260271303,frozenset({'VICTORIAN SEWING BOX MEDIUM'})
0.017851489247704636,frozenset({'SMALL DOLLY MIX DESIGN ORANGE BOWL'})
0.01763230315871508,frozenset({'MINI CAKE STAND  HANGING STRAWBERY'})
0.01285891722072039,frozenset({'CERAMIC CAKE DESIGN SPOTTED MUG'})
0.03458269404057378,frozenset({'DOTCOM POSTAGE'})
0.03365724166484012,frozenset({'FELTCRAFT 6 FLOWER FRIENDS'})
0.03039380433988456,frozenset({'SET OF 3 HEART COOKIE CUTTERS'})
0.028640315627968146,frozenset({'HOT BATHS METAL SIGN'})
0.02713036701492901,frozenset({'SET OF 3 BUTTERFLY COOKIE CUTTERS'})
0.02428094785806483,frozenset({'METAL 4 HOOK HANGER FRENCH CHATEAU'})
0.023525973551545263,frozenset({'BEWARE OF THE CAT METAL SIGN '})
0.022430043106597502,frozenset({'SUKI  SHOULDER BAG'})
0.017559241129051897,frozenset({'HOME SWEET HOME METAL SIGN '})
0.01714522296096052,frozenset({'CHRISTMAS CRAFT LITTLE FRIENDS'})
0.01714522296096052,frozenset({'KITCHEN METAL SIGN'})
0.01619541657533913,"frozenset({'FANCY FONT BIRTHDAY CARD, '})"
0.01595187647646185,frozenset({'VICTORIAN SEWING BOX SMALL '})
0.015659628357809114,frozenset({'BALLOONS  WRITING SET '})
0.015513504298482745,frozenset({'FOLKART ZINC HEART CHRISTMAS DEC'})
0.01522125617983001,frozenset({'ENGLISH ROSE NOTEBOOK A7 SIZE'})
0.014929008061177272,frozenset({'FAIRY CAKE FLANNEL ASSORTED COLOUR'})
0.013930493655780423,frozenset({'CHRISTMAS CRAFT TREE TOP ANGEL'})
0.013833077616229513,frozenset({'BAG 250g SWIRLY MARBLES'})
0.013467767467913592,frozenset({'GIN & TONIC DIET GREETING CARD '})
0.013345997418474953,frozenset({'OWL DOORSTOP'})
0.012201358953751735,frozenset({'ROTATING LEAVES T-LIGHT HOLDER'})
0.011836048805435815,frozenset({'SMALL HANGING IVORY/RED WOOD BIRD'})
0.011592508706558535,"frozenset({'KEY FOB , GARAGE DESIGN'})"
0.01054528628138623,frozenset({'WOOD STAMP SET THANK YOU'})
0.01838727746523465,frozenset({'HOME SWEET HOME MUG'})
0.011811694795548087,frozenset({'FANCY FONTS BIRTHDAY WRAP'})
0.017072160931297337,frozenset({'WHITE METAL LANTERN'})
0.01263973113173084,frozenset({'GLASS  BEURRE DISH'})
0.02345291152188208,frozenset({'BLUE HARMONICA IN BOX '})
0.019337083850856043,frozenset({'Manual'})
0.010569640291273958,frozenset({'S/4 PINK FLOWER CANDLES IN BOWL'})
0.027763571272009936,frozenset({'CHILLI LIGHTS'})
0.015002070090840458,frozenset({'RED DINER WALL CLOCK'})
0.02415917780862619,frozenset({'ASSORTED COLOURS SILK FAN'})
0.011129782518691702,frozenset({'BROCADE RING PURSE '})
0.03358417963517693,frozenset({'STRAWBERRY CHARLOTTE BAG'})
0.011032366479140791,frozenset({'TEA TIME TEA TOWELS '})
0.022235211027495677,frozenset({'TOILET METAL SIGN'})
0.020530430335354715,frozenset({'CREAM CUPID HEARTS COAT HANGER'})
0.019775456028835146,frozenset({'SET OF 36 TEATIME PAPER DOILIES'})
0.01263973113173084,frozenset({'ENCHANTED BIRD COATHANGER 5 HOOK'})
0.010472224251723046,frozenset({'EMPIRE BIRTHDAY CARD'})
0.01741311706972553,frozenset({'EDWARDIAN PARASOL RED'})
0.013224227369036312,frozenset({'BLUE DINER WALL CLOCK'})
0.01544044226881956,frozenset({'BLACK RECORD COVER FRAME'})
0.010204330142958039,frozenset({'WRAP PINK FAIRY CAKES '})
0.01656072672365505,frozenset({'ANTIQUE SILVER TEA GLASS ENGRAVED'})
0.010204330142958039,frozenset({'CLASSIC METAL BIRDCAGE PLANT HOLDER'})
0.022527459146148412,frozenset({'HANGING JAM JAR T-LIGHT HOLDER'})
0.027495677163244928,frozenset({'BOX OF 24 COCKTAIL PARASOLS'})
0.013662599547015417,frozenset({'BAG 125g SWIRLY MARBLES'})
0.018046321326806457,frozenset({'SET/20 STRAWBERRY PAPER NAPKINS '})
0.013467767467913592,frozenset({'PACK OF 12 WOODLAND TISSUES '})
0.015976230486349576,frozenset({'VINTAGE PAISLEY STATIONERY SET'})
0.01580575241713548,frozenset({'SCANDINAVIAN PAISLEY PICNIC BAG'})
0.01522125617983001,frozenset({'PINK VINTAGE PAISLEY PICNIC BAG'})
0.019337083850856043,frozenset({'WASHROOM METAL SIGN'})
0.012055234894425367,frozenset({'SKULLS WRITING SET '})
0.011909110835099,"frozenset({'ELEPHANT, BIRTHDAY CARD, '})"
0.01066705633082487,frozenset({'WOODLAND PARTY BAG + STICKER SET'})
0.01680426682253233,frozenset({'BLUE HAPPY BIRTHDAY BUNTING'})
0.016000584496237306,frozenset({'STRAWBERRY   PICNIC BAG'})
0.01975110201894742,frozenset({'PAPER CHAIN KIT EMPIRE'})
0.014003555685443609,frozenset({'PICTURE FRAME WOOD TRIPLE PORTRAIT'})
0.014320157813984073,frozenset({'FILIGRIS HEART WITH BUTTERFLY'})
0.012664085141618568,frozenset({'LARGE CAKE STAND  HANGING STRAWBERY'})
0.015026424100728185,frozenset({'GIN AND TONIC MUG'})
0.019678039989284236,frozenset({'SET OF 36 PAISLEY FLOWER DOILIES'})
0.012323129003190375,"frozenset({""FANNY'S REST STOPMETAL SIGN""})"
0.011251552568130343,frozenset({'SMALL HEART FLOWERS HOOK '})
0.010520932271498503,frozenset({'PACK OF 12 PINK PAISLEY TISSUES '})
0.010399162222059862,frozenset({'SET/6 TURQUOISE BUTTERFLY T-LIGHTS'})
0.011689924746109448,frozenset({'RIBBON REEL LACE DESIGN '})
0.01215265093397628,frozenset({'SET/6 PINK  BUTTERFLY T-LIGHTS'})
0.01585446043691094,frozenset({'WOODEN HAPPY BIRTHDAY GARLAND'})
0.011056720489028518,frozenset({'FAIRY CAKE DESIGN UMBRELLA'})
0.015294318209493193,frozenset({'COWBOYS AND INDIANS BIRTHDAY CARD '})
0.017486179099388714,frozenset({'3 HEARTS HANGING DECORATION RUSTIC'})
0.012956333260271303,frozenset({'MINI WOODEN HAPPY BIRTHDAY GARLAND'})
0.012931979250383576,frozenset({'ENGLISH ROSE HOT WATER BOTTLE'})
0.015903168456686392,frozenset({'MULTI COLOUR SILVER T-LIGHT HOLDER'})
0.018435985485010107,frozenset({'STRAWBERRY SHOPPER BAG'})
0.024962860134921216,frozenset({'RED  HARMONICA IN BOX '})
0.03470446409001242,frozenset({'HANGING HEART JAR T-LIGHT HOLDER'})
0.010131268113294853,frozenset({'PACK OF 6 SKULL PAPER PLATES'})
0.010326100192396678,frozenset({'PHARMACIE FIRST AID TIN'})
0.02148023672097611,frozenset({'PINK HAPPY BIRTHDAY BUNTING'})
0.012712793161394023,frozenset({'CITRONELLA CANDLE GARDEN POT'})
0.017486179099388714,frozenset({'PACK OF 12 SUKI TISSUES '})
0.011909110835099,frozenset({'HEART DECORATION RUSTIC HANGING '})
0.01814373736635737,frozenset({'TEA TIME OVEN GLOVE'})
0.018801295633326026,"frozenset({""YOU'RE CONFUSING ME METAL SIGN ""})"
0.01005820608363167,"frozenset({'HOOK, 1 HANGER ,MAGIC GARDEN'})"
0.010253038162733494,frozenset({'CAKE STAND 3 TIER MAGIC GARDEN'})
0.012079588904313095,frozenset({'BOYS VINTAGE TIN SEASIDE BUCKET'})
0.011860402815323544,frozenset({'GIRLS VINTAGE TIN SEASIDE BUCKET'})
0.013784369596454056,frozenset({'BLACK HEART CARD HOLDER'})
0.011373322617568982,frozenset({'RED METAL BEACH SPADE '})
0.016414602664328683,frozenset({'DOOR MAT UNION FLAG'})
0.01054528628138623,frozenset({'DOORMAT AIRMAIL '})
0.01473417598207545,frozenset({'KINGS CHOICE TEA CADDY '})
0.011373322617568982,frozenset({'KINGS CHOICE BISCUIT TIN'})
0.014782884001850904,frozenset({'ROUND CONTAINER SET OF 5 RETROSPOT'})
0.028128881420325855,frozenset({'ROUND SNACK BOXES SET OF 4 FRUITS '})
0.01585446043691094,frozenset({'ROUND SNACK BOXES SET OF 4 SKULLS'})
0.03385207374394194,frozenset({'ROUND SNACK BOXES SET OF4 WOODLAND '})
0.011275906578018071,frozenset({'GARLAND WOODEN HAPPY EASTER'})
0.025182046223910768,frozenset({'SPACEBOY BIRTHDAY CARD'})
0.010861888409926695,frozenset({'SPACEBOY GIFT WRAP'})
0.01680426682253233,frozenset({'TOY TIDY SPACEBOY  '})
0.012444899052629015,frozenset({'TOY TIDY PINK RETROSPOT  '})
0.038235795523732984,frozenset({'RECYCLING BAG RETROSPOT '})
0.013297289398699496,frozenset({'WALL TIDY RETROSPOT '})
0.010593994301161687,frozenset({'BOTTLE BAG RETROSPOT '})
0.0187769416234383,"frozenset({""I'M ON HOLIDAY METAL SIGN""})"
0.019531915929957868,frozenset({'JUMBO BAG PINK WITH WHITE SPOTS'})
0.03044251235966002,frozenset({'JUMBO BAG SPACEBOY DESIGN'})
0.05340834368378754,frozenset({'JUMBO SHOPPER VINTAGE RED PAISLEY'})
0.02145588271108838,frozenset({'METAL SIGN TAKE IT OR LEAVE IT '})
0.01139767662745671,frozenset({'EMERGENCY FIRST AID TIN '})
0.03974574413677212,frozenset({'PLEASE ONE PERSON METAL SIGN'})
0.026862472906164,frozenset({'PACK OF 60 SPACEBOY CAKE CASES'})
0.05136260685321838,frozenset({'LUNCH BAG SPACEBOY DESIGN '})
0.03114877864640413,frozenset({'LUNCH BAG SUKI  DESIGN '})
0.019775456028835146,frozenset({'LUNCH BAG PINK RETROSPOT'})
0.01887435766298921,frozenset({'WOODEN UNION JACK BUNTING'})
0.01005820608363167,frozenset({'DOOR MAT RED SPOT'})
0.01680426682253233,frozenset({'AIRLINE BAG VINTAGE TOKYO 78'})
0.01054528628138623,frozenset({'AIRLINE BAG VINTAGE JET SET RED'})
0.010861888409926695,frozenset({'SET OF 4 ENGLISH ROSE PLACEMATS'})
0.012664085141618568,frozenset({'WATERING CAN PINK BUNNY'})
0.01030174618250895,frozenset({'WATERING CAN GREEN DINOSAUR'})
0.015269964199605465,frozenset({'WATERING CAN BLUE ELEPHANT'})
0.034387861961471956,frozenset({'SMALL POPCORN HOLDER'})
0.01349212147780132,frozenset({'LARGE POPCORN HOLDER '})
0.019702393999171963,frozenset({'3 STRIPEY MICE FELTCRAFT'})
0.012907625240495848,frozenset({'VINTAGE UNION JACK MEMOBOARD'})
0.01914225177175422,frozenset({'PACK OF 12 TRADITIONAL CRAYONS'})
0.04982830423029152,frozenset({'NATURAL SLATE HEART CHALKBOARD '})
0.020335598256252894,frozenset({'NATURAL SLATE CHALKBOARD LARGE '})
0.026667640827062175,frozenset({'GUMBALL COAT RACK'})
0.011300260587905798,frozenset({'HANGING METAL STAR LANTERN'})
0.01916660578164195,frozenset({'HANGING METAL HEART LANTERN'})
0.019678039989284236,frozenset({'NATURAL SLATE RECTANGLE CHALKBOARD'})
0.010204330142958039,frozenset({'SET OF 2 WOODEN MARKET CRATES'})
0.021869900879179758,frozenset({'WHITE WOOD GARDEN PLANT LADDER'})
0.01005820608363167,frozenset({'BABUSHKA LIGHTS STRING OF 10'})
0.021309758651762014,frozenset({'FELTCRAFT CUSHION OWL'})
0.01965368597939651,frozenset({'FELTCRAFT CUSHION RABBIT'})
0.019093543751978765,frozenset({'FELTCRAFT CUSHION BUTTERFLY'})
0.026399746718297167,frozenset({'PACK OF 6 BIRDY GIFT TAGS'})
0.013906139645892697,frozenset({'PACK OF 6 PANNETONE GIFT BOXES'})
0.01811938335646964,frozenset({'MEMO BOARD COTTAGE DESIGN'})
0.016974744891746427,frozenset({'DOORSTOP RETROSPOT HEART'})
0.02191860889895521,frozenset({'MEMO BOARD RETROSPOT  DESIGN'})
0.02296583132412752,frozenset({'BAKING SET SPACEBOY DESIGN'})
0.010447870241835319,frozenset({'GLASS JAR ENGLISH CONFECTIONERY'})
0.09546771875989382,frozenset({'REGENCY CAKESTAND 3 TIER'})
0.012201358953751735,frozenset({'GLASS JAR DAISY FRESH COTTON WOOL'})
0.016024938506125033,frozenset({'12 PENCIL SMALL TUBE WOODLAND'})
0.015294318209493193,frozenset({'ENAMEL MEASURING JUG CREAM'})
0.016852974842307786,frozenset({'ZINC FOLKART SLEIGH BELLS'})
0.011519446676895351,frozenset({'GROW YOUR OWN BASIL IN ENAMEL MUG'})
0.011105428508803975,frozenset({'GROW YOUR OWN PLANT IN A CAN '})
0.012980687270159032,frozenset({'HAPPY STENCIL CRAFT'})
0.022040378948393852,frozenset({'WOODEN SCHOOL COLOURING SET'})
0.029127395825722706,frozenset({'PLASTERS IN TIN CIRCUS PARADE '})
0.02328243345266798,frozenset({'PLASTERS IN TIN STRONGMAN'})
0.03163585884415869,frozenset({'PLASTERS IN TIN SPACEBOY'})
0.018070675336694188,frozenset({'TRADITIONAL MODELLING CLAY'})
0.03105136260685322,frozenset({'PLASTERS IN TIN WOODLAND ANIMALS'})
0.027422615133581744,frozenset({'PLASTERS IN TIN VINTAGE PAISLEY '})
0.026570224787511264,frozenset({'PLASTERS IN TIN SKULLS'})
0.01731570103017462,frozenset({'PICTURE DOMINOES'})
0.01042351623194759,frozenset({'HOLIDAY FUN LUDO'})
0.01042351623194759,frozenset({'HEADS AND TAILS SPORTING FUN'})
0.01349212147780132,frozenset({'GARDENERS KNEELING PAD'})
0.012323129003190375,frozenset({'20 DOLLY PEGS RETROSPOT'})
0.010496578261610774,frozenset({'MAGNETS PACK OF 4 SWALLOWS'})
0.01410097172499452,frozenset({'MAGIC DRAWING SLATE SPACEBOY '})
0.011300260587905798,frozenset({'MAGIC DRAWING SLATE DOLLY GIRL '})
0.01984851805849833,frozenset({'RED RETROSPOT SMALL MILK JUG'})
0.010033852073743943,frozenset({'SMALL RED RETROSPOT WINDMILL'})
0.02893256374662088,frozenset({'RED RETROSPOT CAKE STAND'})
0.014198387764545432,frozenset({'RED RETROSPOT SUGAR JAM BOWL'})
0.0131268113294854,frozenset({'RED RETROSPOT BUTTER DISH'})
0.025352524293124862,frozenset({'STRAWBERRY LUNCH BOX WITH CUTLERY'})
0.02160200677041475,frozenset({'LUNCH BOX WITH CUTLERY RETROSPOT '})
0.022770999245025694,frozenset({'RED RETROSPOT PICNIC BAG'})
0.013881785636004968,frozenset({'RED RETROSPOT TRADITIONAL TEAPOT '})
0.010837534400038967,frozenset({'SET OF 9 BLACK SKULL BALLOONS'})
0.013078103309709944,frozenset({'SET OF 9 HEART SHAPED BALLOONS'})
0.01811938335646964,frozenset({'WOODEN ROUNDERS GARDEN SET '})
0.015659628357809114,frozenset({'WOODEN CROQUET GARDEN SET'})
0.028640315627968146,frozenset({'WOOD BLACK BOARD ANT WHITE FINISH'})
0.029273519885049074,frozenset({'CLOTHES PEGS RETROSPOT PACK 24 '})
0.05248289130805387,frozenset({'HEART OF WICKER SMALL'})
0.04766079735028372,frozenset({'HEART OF WICKER LARGE'})
0.029858016122354544,frozenset({'IVORY KITCHEN SCALES'})
0.01607364652590049,frozenset({'MINT KITCHEN SCALES'})
0.023331141472443438,frozenset({'RED KITCHEN SCALES'})
0.02011641216726334,frozenset({'PACK OF 12 LONDON TISSUES '})
0.017388763059837803,frozenset({'MINI PAINT SET VINTAGE '})
0.014247095784320889,frozenset({'10 COLOUR SPACEBOY PEN'})
0.021309758651762014,frozenset({'TRADITIONAL KNITTING NANCY'})
0.013199873359148583,frozenset({'BOX OF VINTAGE JIGSAW BLOCKS '})
0.017266993010399162,frozenset({'SET OF 6 SOLDIER SKITTLES'})
0.01239619103285356,frozenset({'LIPSTICK PEN RED'})
0.013906139645892697,frozenset({'BOX OF VINTAGE ALPHABET BLOCKS'})
0.020506076325466988,frozenset({'4 TRADITIONAL SPINNING TOPS'})
0.017120868951072794,frozenset({'SKULL LUNCH BOX WITH CUTLERY '})
0.019580623949733325,frozenset({'ENAMEL FLOWER JUG CREAM'})
0.021504590730863835,frozenset({'CERAMIC STRAWBERRY CAKE MONEY BANK'})
0.017948905287255547,frozenset({'CERAMIC HEART FAIRY CAKE MONEY BANK'})
0.014880300041401817,frozenset({'CERAMIC CHERRY CAKE MONEY BANK'})
0.011860402815323544,frozenset({'STRAWBERRY FAIRY CAKE TEAPOT'})
0.07971067436253379,frozenset({'JUMBO BAG RED RETROSPOT'})
0.018046321326806457,frozenset({'ENAMEL BREAD BIN CREAM'})
0.03424173790214559,frozenset({'CHARLOTTE BAG SUKI DESIGN'})
0.01215265093397628,frozenset({'CHILDS BREAKFAST SET SPACEBOY '})
0.011811694795548087,frozenset({'CHILDS BREAKFAST SET DOLLY GIRL '})
0.014588051922749081,frozenset({'PIGGY BANK RETROSPOT '})
0.011909110835099,frozenset({'CHILDS BREAKFAST SET CIRCUS PARADE'})
0.018728233603662842,frozenset({'PICNIC BASKET WICKER LARGE'})
0.02257616716592387,frozenset({'PICNIC BASKET WICKER SMALL'})
0.01237183702296583,frozenset({'CARD DOLLY GIRL '})
0.010886242419814422,frozenset({'CARD CIRCUS PARADE'})
0.02415917780862619,frozenset({'DOORMAT UNION FLAG'})
0.012907625240495848,frozenset({'DOORMAT ENGLISH ROSE '})
0.019921580088161518,frozenset({'DOORMAT NEW ENGLAND'})
0.01814373736635737,frozenset({'DOORMAT SPOTTY HOME SWEET HOME'})
0.01741311706972553,frozenset({'DOORMAT FANCY FONT HOME SWEET HOME'})
0.014904654051289545,frozenset({'DOORMAT WELCOME TO OUR HOME'})
0.014539343902973624,frozenset({'DOORMAT FAIRY CAKE'})
0.010691410340712599,frozenset({'DOORMAT HOME SWEET HOME BLUE '})
0.010642702320937142,frozenset({'DOORMAT 3 SMILEY CATS'})
0.01042351623194759,frozenset({'DOORMAT WELCOME PUPPIES'})
0.03331628552641192,frozenset({'SPACEBOY LUNCH BOX '})
0.03248824919022917,frozenset({'DOLLY GIRL LUNCH BOX'})
0.026156206619419888,frozenset({'LUNCH BOX I LOVE LONDON'})
0.016146708555563674,frozenset({'CIRCUS PARADE LUNCH BOX '})
0.01066705633082487,frozenset({'RED BABY BUNTING '})
0.01410097172499452,frozenset({'PINK BABY BUNTING'})
0.04052507245317941,frozenset({'RECIPE BOX PANTRY YELLOW DESIGN'})
0.017266993010399162,frozenset({'RECIPE BOX BLUE SKETCHBOOK DESIGN'})
0.020043350137600155,frozenset({'PINK FAIRY CAKE CHILDRENS APRON'})
0.01544044226881956,frozenset({'RETROSPOT CHILDRENS APRON'})
0.020676554394681083,frozenset({'CHILDRENS APRON SPACEBOY DESIGN'})
0.01066705633082487,frozenset({'CHRISTMAS STAR WISH LIST CHALKBOARD'})
0.010447870241835319,frozenset({'CHRISTMAS RETROSPOT STAR WOOD'})
0.010106914103407126,frozenset({'CHRISTMAS GINGHAM STAR'})
0.02023818221670198,frozenset({'WOODEN HEART CHRISTMAS SCANDINAVIAN'})
0.01865517157399966,frozenset({'WOODEN STAR CHRISTMAS SCANDINAVIAN'})
0.013394705438250408,frozenset({'WOODEN TREE CHRISTMAS SCANDINAVIAN'})
0.010155622123182582,frozenset({'CHRISTMAS RETROSPOT ANGEL WOOD'})
0.010106914103407126,frozenset({'HEART WOODEN CHRISTMAS DECORATION'})
0.010033852073743943,frozenset({'CHRISTMAS GINGHAM TREE'})
0.020213828206814253,frozenset({'TRAVEL SEWING KIT'})
0.014539343902973624,frozenset({'DELUXE SEWING KIT '})
0.024207885828401648,frozenset({'LUNCH BAG DOLLY GIRL DESIGN'})
0.016755558802756875,frozenset({'JUMBO BAG DOLLY GIRL DESIGN'})
0.015367380239156377,frozenset({'CHARLOTTE BAG DOLLY GIRL DESIGN'})
0.011714278755997174,frozenset({'CARD HOLDER GINGHAM HEART'})
0.012079588904313095,frozenset({'ADVENT CALENDAR GINGHAM SACK'})
0.029224811865273616,frozenset({'JAM MAKING SET PRINTED'})
0.012444899052629015,frozenset({'ROCKING HORSE RED CHRISTMAS '})
0.020895740483670638,frozenset({'WICKER STAR '})
0.016852974842307786,frozenset({'SET 7 BABUSHKA NESTING BOXES'})
0.01215265093397628,frozenset({'SMALL PURPLE BABUSHKA NOTEBOOK '})
0.011982172864762183,frozenset({'SMALL RED BABUSHKA NOTEBOOK '})
0.01936143786074377,frozenset({'SET OF 3 NOTEBOOKS IN PARCEL'})
0.03436350795158423,frozenset({'ROSES REGENCY TEACUP AND SAUCER '})
0.032707435279218725,frozenset({'GREEN REGENCY TEACUP AND SAUCER'})
0.024962860134921216,frozenset({'PINK REGENCY TEACUP AND SAUCER'})
0.010350454202284406,frozenset({'FRENCH WC SIGN BLUE METAL'})
0.012737147171281752,frozenset({'SET 20 NAPKINS FAIRY CAKES DESIGN '})
0.011348968607681255,frozenset({'FELTCRAFT PRINCESS OLIVIA DOLL'})
0.015757044397360025,frozenset({'FELTCRAFT PRINCESS LOLA DOLL'})
0.014271449794208616,frozenset({'FELTCRAFT CHRISTMAS FAIRY'})
0.01668249677309369,frozenset({'FELTCRAFT PRINCESS CHARLOTTE DOLL'})
0.029517059983926352,frozenset({'HAND WARMER OWL DESIGN'})
0.02637539270840944,frozenset({'HAND WARMER SCOTTY DOG DESIGN'})
0.025669126421665328,frozenset({'HAND WARMER BIRD DESIGN'})
0.014417573853534985,frozenset({'HAND WARMER BABUSHKA DESIGN'})
0.024621903996493024,frozenset({'HOT WATER BOTTLE I AM SO POORLY'})
0.010399162222059862,frozenset({'FINE WICKER HEART '})
0.01066705633082487,frozenset({'PACK 3 BOXES CHRISTMAS PANNETONE'})
0.01841163147512238,frozenset({'SET OF 6 RIBBONS VINTAGE CHRISTMAS'})
0.01212829692408855,frozenset({'RIBBON REEL SNOWY VILLAGE'})
0.012006526874649912,frozenset({'RIBBON REEL CHRISTMAS PRESENT '})
0.027934049341224034,frozenset({'SET/5 RED RETROSPOT LID GLASS BOWLS'})
0.020189474196926523,frozenset({'PACK OF 20 NAPKINS PANTRY DESIGN'})
0.010618348311049415,frozenset({'CARD MOTORBIKE SANTA'})
0.013516475487689047,frozenset({'RIBBON REEL CHRISTMAS SOCK BAUBLE'})
0.026448454738072624,frozenset({'SET OF 20 VINTAGE CHRISTMAS NAPKINS'})
0.03475317210978788,frozenset({'PAPER CHAIN KIT VINTAGE CHRISTMAS'})
0.010837534400038967,frozenset({'12 MESSAGE CARDS WITH ENVELOPES'})
0.011275906578018071,frozenset({'CALENDAR PAPER CUT DESIGN'})
0.014831592021626362,frozenset({'60 CAKE CASES DOLLY GIRL DESIGN'})
0.011811694795548087,frozenset({'PACK OF 20 NAPKINS RED APPLES'})
0.025303816273349405,frozenset({'60 CAKE CASES VINTAGE CHRISTMAS'})
0.01446628187331044,frozenset({'CANDLEHOLDER PINK HANGING HEART'})
0.03514283626799152,frozenset({'JUMBO BAG PINK POLKADOT'})
0.03217164706168871,frozenset({'RETROSPOT TEA SET CERAMIC 11 PC '})
0.031197486666179587,frozenset({'LUNCH BAG PINK POLKADOT'})
0.021942962908842942,frozenset({'DOORMAT RED RETROSPOT'})
0.01066705633082487,frozenset({'RETROSPOT LARGE MILK JUG'})
0.02208908696816931,frozenset({'CHARLOTTE BAG PINK POLKADOT'})
0.019726748009059693,frozenset({'PAPER CHAIN KIT RETROSPOT'})
0.04159664888823945,frozenset({'PACK OF 72 RETROSPOT CAKE CASES'})
0.01631718662477777,frozenset({'RECIPE BOX RETROSPOT '})
0.014782884001850904,frozenset({'SET OF 72 RETROSPOT PAPER  DOILIES'})
0.04473831616375636,frozenset({'LUNCH BAG RED RETROSPOT'})
0.028762085677406787,frozenset({'SET/20 RED RETROSPOT PAPER NAPKINS '})
0.030637344438761843,frozenset({'RED RETROSPOT CHARLOTTE BAG'})
0.0143445118238718,frozenset({'TOY TIDY PINK POLKADOT'})
0.016950390881858696,frozenset({'RED RETROSPOT SHOPPER BAG'})
0.03319451547697328,frozenset({'ALARM CLOCK BAKELIKE RED '})
0.031002654587077762,frozenset({'ALARM CLOCK BAKELIKE GREEN'})
0.014904654051289545,frozenset({'ALARM CLOCK BAKELIKE ORANGE'})
0.0181680913762451,frozenset({'ALARM CLOCK BAKELIKE IVORY'})
0.010228684152845766,frozenset({'SET/10 PINK POLKADOT PARTY CANDLES'})
0.012177004943864008,frozenset({'IVORY DINER WALL CLOCK'})
0.023599035581208447,frozenset({'ALARM CLOCK BAKELIKE PINK'})
0.01337035142836268,frozenset({'ALARM CLOCK BAKELIKE CHOCOLATE'})
0.018070675336694188,"frozenset({""POPPY'S PLAYHOUSE KITCHEN""})"
0.017120868951072794,"frozenset({""POPPY'S PLAYHOUSE BEDROOM ""})"
0.011811694795548087,frozenset({'SET/10 RED POLKADOT PARTY CANDLES'})
0.011324614597793527,frozenset({'RED RETROSPOT ROUND CAKE TINS'})
0.010520932271498503,frozenset({'RETROSPOT RED WASHING UP GLOVES'})
0.01324858137892404,frozenset({'RED RETROSPOT BOWL'})
0.011178490538467159,frozenset({' SET 2 TEA TOWELS I LOVE LONDON '})
0.0137356615766786,"frozenset({""POPPY'S PLAYHOUSE LIVINGROOM ""})"
0.010009498063856214,frozenset({'SET OF 2 TEA TOWELS APPLE AND PEARS'})
0.022649229195587053,frozenset({'RETROSPOT HEART HOT WATER BOTTLE'})
0.012250066973527192,frozenset({'SET/2 RED RETROSPOT TEA TOWELS '})
0.01237183702296583,frozenset({'RED RETROSPOT MINI CASES'})
0.010033852073743943,frozenset({'PINK POLKADOT BOWL'})
0.013029395289934487,frozenset({'12 PENCILS SMALL TUBE RED RETROSPOT'})
0.022430043106597502,frozenset({'PAPER BUNTING RETROSPOT'})
0.012079588904313095,frozenset({'TEA BAG PLATE RED RETROSPOT'})
0.0125179610822922,frozenset({'RED RETROSPOT UMBRELLA'})
0.0137356615766786,frozenset({'RED RETROSPOT OVEN GLOVE '})
0.011422030637344439,frozenset({'RED RETROSPOT CUP'})
0.01473417598207545,frozenset({'RED RETROSPOT PEG BAG'})
0.010715764350600326,frozenset({'RED RETROSPOT WRAP '})
0.010569640291273958,frozenset({'36 PENCILS TUBE RED RETROSPOT'})
0.010837534400038967,frozenset({'CHILDRENS APRON APPLES DESIGN'})
0.010618348311049415,frozenset({'HOT WATER BOTTLE BABUSHKA '})
0.020895740483670638,frozenset({'HAND WARMER UNION JACK'})
0.017851489247704636,frozenset({'HAND WARMER RED RETROSPOT'})
0.01212829692408855,"frozenset({'SET 3 RETROSPOT TEA,COFFEE,SUGAR'})"
0.015586566328145928,frozenset({'PHOTO FRAME CORNICE'})
0.011495092667007623,frozenset({'BREAD BIN DINER STYLE IVORY'})
0.01212829692408855,frozenset({'SWEETHEART RECIPE BOOK STAND'})
0.012810209200944936,frozenset({'SWEETHEART CAKESTAND 3 TIER'})
0.012444899052629015,frozenset({'CLEAR DRAWER KNOB ACRYLIC EDWARDIAN'})
0.011909110835099,frozenset({'VINTAGE CREAM DOG FOOD CONTAINER'})
0.011762986775772631,frozenset({'CHRISTMAS LIGHTS 10 REINDEER'})
0.010569640291273958,frozenset({'T-LIGHT GLASS FLUTED ANTIQUE'})
0.017827135237816906,frozenset({'GINGERBREAD MAN COOKIE CUTTER'})
0.020335598256252894,frozenset({'SET OF 6 SPICE TINS PANTRY DESIGN'})
0.017266993010399162,frozenset({'HOMEMADE JAM SCENTED CANDLES'})
0.010983658459365334,frozenset({'CARD BILLBOARD FONT'})
0.010861888409926695,frozenset({'SOLDIERS EGG CUP '})
0.028250651469764496,frozenset({'JAM MAKING SET WITH JARS'})
0.0337303036945033,frozenset({'SET OF 3 CAKE TINS PANTRY DESIGN '})
0.026131852609532158,frozenset({'SET OF 4 PANTRY JELLY MOULDS'})
0.01300504128004676,frozenset({'TRAVEL CARD WALLET KEEP CALM'})
0.01030174618250895,frozenset({'CHILDRENS CUTLERY POLKADOT PINK'})
0.026424100728184897,frozenset({'LUNCH BAG SUKI DESIGN '})
0.016122354545675944,frozenset({'JUMBO BAG SCANDINAVIAN BLUE PAISLEY'})
0.01054528628138623,frozenset({'TOILET SIGN OCCUPIED OR VACANT'})
0.016779912812644602,frozenset({'ANTIQUE SILVER T-LIGHT GLASS'})
0.02523075424368622,frozenset({'LUNCH BAG APPLE DESIGN'})
0.023818221670198,frozenset({'JUMBO BAG APPLES'})
0.022064732958281583,frozenset({'JUMBO BAG ALPHABET'})
0.01802196731691873,frozenset({'LUNCH BAG ALPHABET DESIGN'})
0.014198387764545432,frozenset({'CHARLOTTE BAG APPLES DESIGN'})
0.010837534400038967,frozenset({'CHARLOTTE BAG VINTAGE ALPHABET '})
0.016268478605002315,frozenset({'LUNCH BAG VINTAGE LEAF DESIGN'})
0.017729719198265995,frozenset({'DOORMAT KEEP CALM AND COME IN'})
0.027787925281897663,frozenset({'SPOTTY BUNTING'})
0.021407174691312925,frozenset({'JUMBO BAG VINTAGE LEAF'})
0.014490635883198169,frozenset({'JUMBO BAG PEARS'})
0.0125179610822922,frozenset({'JUMBO BAG DOILEY PATTERNS'})
0.011982172864762183,frozenset({'LUNCH BAG DOILEY PATTERN '})
0.010837534400038967,frozenset({'REGENCY TEA PLATE ROSES '})
0.010131268113294853,frozenset({'REGENCY TEAPOT ROSES '})
0.024207885828401648,frozenset({'RABBIT NIGHT LIGHT'})
0.022235211027495677,frozenset({'GARDENERS KNEELING PAD KEEP CALM '})
0.018460339494897834,frozenset({'GARDENERS KNEELING PAD CUP OF TEA '})
0.010837534400038967,frozenset({'SET OF 3 WOODEN HEART DECORATIONS'})
0.015318672219380922,frozenset({'SET OF 60 PANTRY DESIGN CAKE CASES '})
0.011446384647232168,frozenset({'SET OF TEA COFFEE SUGAR TINS PANTRY'})
0.021261050631986557,frozenset({'SET OF 3 REGENCY CAKE TINS'})
0.015318672219380922,frozenset({'SMALL WHITE HEART OF WICKER'})
0.019556269939845595,frozenset({'POPCORN HOLDER'})
0.013686953556903143,frozenset({'LARGE WHITE HEART OF WICKER'})
0.011592508706558535,frozenset({'JUMBO BAG VINTAGE CHRISTMAS '})
0.01743747107961326,"frozenset({""JUMBO BAG 50'S CHRISTMAS ""})"
0.011568154696670807,frozenset({'PANTRY MAGNETIC  SHOPPING LIST'})
0.013443413458025863,frozenset({'SET OF 12 FAIRY CAKE BAKING CASES'})
0.010813180390151238,frozenset({'SET OF 12 MINI LOAF BAKING CASES'})
0.01731570103017462,frozenset({'JUMBO BAG VINTAGE DOILY '})
0.014636759942524537,frozenset({'LUNCH BAG VINTAGE DOILY '})
0.011592508706558535,frozenset({'LOVE HOT WATER BOTTLE'})
0.019044835732203308,frozenset({'HOT WATER BOTTLE KEEP CALM'})
0.010106914103407126,frozenset({'VINTAGE DOILY TRAVEL SEWING KIT'})
0.01765665716860281,"frozenset({'STRAWBERRY CERAMIC TRINKET BOX', 'WHITE HANGING HEART T-LIGHT HOLDER'})"
0.011738632765884903,"frozenset({'STRAWBERRY CERAMIC TRINKET BOX', 'REGENCY CAKESTAND 3 TIER'})"
0.018192445386132825,"frozenset({'ASSORTED COLOUR BIRD ORNAMENT', 'WHITE HANGING HEART T-LIGHT HOLDER'})"
0.01164121672633399,"frozenset({'ASSORTED COLOUR BIRD ORNAMENT', 'REGENCY CAKESTAND 3 TIER'})"
0.018095029346581915,"frozenset({'HOME BUILDING BLOCK WORD', 'WHITE HANGING HEART T-LIGHT HOLDER'})"
0.02109057256277246,"frozenset({'HOME BUILDING BLOCK WORD', 'LOVE BUILDING BLOCK WORD'})"
0.016365894644553226,"frozenset({'LOVE BUILDING BLOCK WORD', 'WHITE HANGING HEART T-LIGHT HOLDER'})"
0.015099486130391368,"frozenset({'SCOTTIE DOG HOT WATER BOTTLE', 'CHOCOLATE HOT WATER BOTTLE'})"
0.011008012469253063,"frozenset({'SCOTTIE DOG HOT WATER BOTTLE', 'WHITE HANGING HEART T-LIGHT HOLDER'})"
0.011129782518691702,"frozenset({'SMALL DOLLY MIX DESIGN ORANGE BOWL', 'SMALL MARSHMALLOWS PINK BOWL'})"
0.010569640291273958,"frozenset({'CHOCOLATE HOT WATER BOTTLE', 'WHITE HANGING HEART T-LIGHT HOLDER'})"
0.0143445118238718,"frozenset({'HANGING HEART ZINC T-LIGHT HOLDER', 'WHITE HANGING HEART T-LIGHT HOLDER'})"
0.015903168456686392,"frozenset({'PINK BLUE FELT CRAFT TRINKET BOX', 'PINK CREAM FELT CRAFT TRINKET BOX '})"
0.013053749299822216,"frozenset({'JUMBO BAG TOYS ', 'JUMBO STORAGE BAG SUKI'})"
0.01017997613307031,"frozenset({'JUMBO BAG TOYS ', 'JUMBO BAG WOODLAND ANIMALS'})"
0.010740118360488054,"frozenset({'JUMBO SHOPPER VINTAGE RED PAISLEY', 'JUMBO BAG TOYS '})"
0.012591023111955384,"frozenset({'JUMBO BAG TOYS ', 'JUMBO BAG RED RETROSPOT'})"
0.011202844548354886,"frozenset({'VINTAGE SNAP CARDS', 'WHITE HANGING HEART T-LIGHT HOLDER'})"
0.012103942914200824,"frozenset({'BATHROOM METAL SIGN', 'WHITE HANGING HEART T-LIGHT HOLDER'})"
0.01005820608363167,"frozenset({'PLEASE ONE PERSON METAL SIGN', 'LADIES & GENTLEMEN METAL SIGN'})"
0.01030174618250895,"frozenset({'WHITE HANGING HEART T-LIGHT HOLDER', 'JUMBO BAG PINK VINTAGE PAISLEY'})"
0.014661113952412265,"frozenset({'JUMBO BAG STRAWBERRY', 'JUMBO BAG PINK VINTAGE PAISLEY'})"
0.01595187647646185,"frozenset({'JUMBO STORAGE BAG SUKI', 'JUMBO BAG PINK VINTAGE PAISLEY'})"
0.01261537712184311,"frozenset({'JUMBO  BAG BAROQUE BLACK WHITE', 'JUMBO BAG PINK VINTAGE PAISLEY'})"
0.01668249677309369,"frozenset({'JUMBO SHOPPER VINTAGE RED PAISLEY', 'JUMBO BAG PINK VINTAGE PAISLEY'})"
0.018582109544336475,"frozenset({'JUMBO BAG RED RETROSPOT', 'JUMBO BAG PINK VINTAGE PAISLEY'})"
0.012664085141618568,"frozenset({'LOVEBIRD HANGING DECORATION WHITE ', 'WHITE HANGING HEART T-LIGHT HOLDER'})"
0.010155622123182582,"frozenset({'LOVEBIRD HANGING DECORATION WHITE ', 'DOTCOM POSTAGE'})"
0.012177004943864008,"frozenset({'LUNCH BAG CARS BLUE', 'WHITE HANGING HEART T-LIGHT HOLDER'})"
0.021528944740751566,"frozenset({'LUNCH BAG  BLACK SKULL.', 'LUNCH BAG CARS BLUE'})"
0.011592508706558535,"frozenset({'LUNCH BAG CARS BLUE', 'JUMBO STORAGE BAG SUKI'})"
0.019678039989284236,"frozenset({'LUNCH BAG CARS BLUE', 'LUNCH BAG SPACEBOY DESIGN '})"
0.012298774993302647,"frozenset({'JUMBO BAG RED RETROSPOT', 'LUNCH BAG CARS BLUE'})"
0.010959304449477606,"frozenset({'LUNCH BAG  BLACK SKULL.', 'LUNCH BAG SPACEBOY DESIGN ', 'LUNCH BAG CARS BLUE'})"
0.010520932271498503,"frozenset({""PAPER CHAIN KIT 50'S CHRISTMAS "", 'WHITE HANGING HEART T-LIGHT HOLDER'})"
0.020018996127712428,"frozenset({'LUNCH BAG CARS BLUE', 'LUNCH BAG WOODLAND'})"
0.011982172864762183,"frozenset({'LUNCH BAG WOODLAND', 'WHITE HANGING HEART T-LIGHT HOLDER'})"
0.020092058157375612,"frozenset({'LUNCH BAG  BLACK SKULL.', 'LUNCH BAG WOODLAND'})"
0.011081074498916247,"frozenset({'JUMBO STORAGE BAG SUKI', 'LUNCH BAG WOODLAND'})"
0.020067704147487885,"frozenset({'LUNCH BAG WOODLAND', 'LUNCH BAG SPACEBOY DESIGN '})"
0.011495092667007623,"frozenset({'JUMBO BAG RED RETROSPOT', 'LUNCH BAG WOODLAND'})"
0.011446384647232168,"frozenset({'LUNCH BAG WOODLAND', 'LUNCH BAG  BLACK SKULL.', 'LUNCH BAG CARS BLUE'})"
0.010764472370375783,"frozenset({'LUNCH BAG CARS BLUE', 'LUNCH BAG SPACEBOY DESIGN ', 'LUNCH BAG WOODLAND'})"
0.01091059642970215,"frozenset({'LUNCH BAG  BLACK SKULL.', 'LUNCH BAG SPACEBOY DESIGN ', 'LUNCH BAG WOODLAND'})"
0.014247095784320889,"frozenset({'VICTORIAN GLASS HANGING T-LIGHT', 'WHITE HANGING HEART T-LIGHT HOLDER'})"
0.030198972260782737,"frozenset({'RED HANGING HEART T-LIGHT HOLDER', 'WHITE HANGING HEART T-LIGHT HOLDER'})"
0.01889871167287694,"frozenset({'HOT WATER BOTTLE TEA AND SYMPATHY', 'CHOCOLATE HOT WATER BOTTLE'})"
0.011836048805435815,"frozenset({'HOT WATER BOTTLE TEA AND SYMPATHY', 'SCOTTIE DOG HOT WATER BOTTLE'})"
0.010934950439589879,"frozenset({'LUNCH BAG  BLACK SKULL.', 'LUNCH BAG RED SPOTTY'})"
0.01005820608363167,"frozenset({'JUMBO BAG SCANDINAVIAN PAISLEY', 'JUMBO BAG PINK VINTAGE PAISLEY'})"
0.010983658459365334,"frozenset({'SMALL HEART MEASURING SPOONS', 'LARGE HEART MEASURING SPOONS'})"
0.010983658459365334,"frozenset({'RED SPOT CERAMIC DRAWER KNOB', 'RED STRIPE CERAMIC DRAWER KNOB'})"
0.010374808212172133,"frozenset({'RED SPOT CERAMIC DRAWER KNOB', 'WHITE SPOT RED CERAMIC DRAWER KNOB'})"
0.011982172864762183,"frozenset({'60 TEATIME FAIRY CAKE CASES', 'STRAWBERRY CERAMIC TRINKET BOX'})"
0.014758529991963176,"frozenset({'60 TEATIME FAIRY CAKE CASES', 'WHITE HANGING HEART T-LIGHT HOLDER'})"
0.011178490538467159,"frozenset({'60 TEATIME FAIRY CAKE CASES', 'REGENCY CAKESTAND 3 TIER'})"
0.022551813156036143,"frozenset({'60 TEATIME FAIRY CAKE CASES', 'PACK OF 60 PINK PAISLEY CAKE CASES'})"
0.012469253062516743,"frozenset({'PACK OF 60 PINK PAISLEY CAKE CASES', 'WHITE HANGING HEART T-LIGHT HOLDER'})"
0.011762986775772631,"frozenset({'PACK OF 60 PINK PAISLEY CAKE CASES', 'REGENCY CAKESTAND 3 TIER'})"
0.020433014295803804,"frozenset({'WOODEN FRAME ANTIQUE WHITE ', 'WHITE HANGING HEART T-LIGHT HOLDER'})"
0.014685467962299992,"frozenset({'60 TEATIME FAIRY CAKE CASES', 'PACK OF 72 RETRO SPOT CAKE CASES'})"
0.01300504128004676,"frozenset({'PACK OF 60 PINK PAISLEY CAKE CASES', 'PACK OF 72 RETRO SPOT CAKE CASES'})"
0.011714278755997174,"frozenset({'WOOD 2 DRAWER CABINET WHITE FINISH', 'WOODEN FRAME ANTIQUE WHITE '})"
0.011178490538467159,"frozenset({'WOOD 2 DRAWER CABINET WHITE FINISH', 'WHITE HANGING HEART T-LIGHT HOLDER'})"
0.01164121672633399,"frozenset({'WOOD 2 DRAWER CABINET WHITE FINISH', 'WOODEN PICTURE FRAME WHITE FINISH'})"
0.012323129003190375,"frozenset({'WOOD 2 DRAWER CABINET WHITE FINISH', 'WOOD S/3 CABINET ANT WHITE FINISH'})"
0.010496578261610774,"frozenset({'WOODEN FRAME ANTIQUE WHITE ', 'WOOD S/3 CABINET ANT WHITE FINISH'})"
0.01042351623194759,"frozenset({'WOOD S/3 CABINET ANT WHITE FINISH', 'WHITE HANGING HEART T-LIGHT HOLDER'})"
0.01066705633082487,"frozenset({'RED STRIPE CERAMIC DRAWER KNOB', 'WHITE SPOT RED CERAMIC DRAWER KNOB'})"
0.012103942914200824,"frozenset({'RED STRIPE CERAMIC DRAWER KNOB', 'BLUE STRIPE CERAMIC DRAWER KNOB'})"
0.010131268113294853,"frozenset({'BLUE STRIPE CERAMIC DRAWER KNOB', 'BLUE SPOT CERAMIC DRAWER KNOB'})"
0.010082560093519398,"frozenset({'RED STRIPE CERAMIC DRAWER KNOB', 'BLUE SPOT CERAMIC DRAWER KNOB'})"
0.010447870241835319,"frozenset({'WHITE SPOT BLUE CERAMIC DRAWER KNOB', 'BLUE SPOT CERAMIC DRAWER KNOB'})"
0.02562041840188987,"frozenset({'STRAWBERRY CERAMIC TRINKET BOX', 'SWEETHEART CERAMIC TRINKET BOX'})"
0.011909110835099,"frozenset({'SWEETHEART CERAMIC TRINKET BOX', 'WHITE HANGING HEART T-LIGHT HOLDER'})"
0.011787340785660358,"frozenset({'JUMBO  BAG BAROQUE BLACK WHITE', 'JUMBO STORAGE BAG SKULLS'})"
0.011227198558242614,"frozenset({'LUNCH BAG  BLACK SKULL.', 'JUMBO STORAGE BAG SKULLS'})"
0.016755558802756875,"frozenset({'JUMBO STORAGE BAG SUKI', 'JUMBO STORAGE BAG SKULLS'})"
0.010374808212172133,"frozenset({'JUMBO BAG STRAWBERRY', 'JUMBO STORAGE BAG SKULLS'})"
0.012177004943864008,"frozenset({'JUMBO SHOPPER VINTAGE RED PAISLEY', 'JUMBO STORAGE BAG SKULLS'})"
0.015099486130391368,"frozenset({'JUMBO BAG RED RETROSPOT', 'JUMBO STORAGE BAG SKULLS'})"
0.012103942914200824,"frozenset({'LUNCH BAG WOODLAND', 'WOODLAND CHARLOTTE BAG'})"
0.011275906578018071,"frozenset({'LUNCH BAG  BLACK SKULL.', 'WOODLAND CHARLOTTE BAG'})"
0.01042351623194759,"frozenset({'JUMBO STORAGE BAG SUKI', 'WOODLAND CHARLOTTE BAG'})"
0.010691410340712599,"frozenset({'JUMBO BAG RED RETROSPOT', 'WOODLAND CHARLOTTE BAG'})"
0.01865517157399966,"frozenset({'VINTAGE SNAP CARDS', 'VINTAGE HEADS AND TAILS CARD GAME '})"
0.014782884001850904,"frozenset({'JUMBO STORAGE BAG SUKI', 'WHITE HANGING HEART T-LIGHT HOLDER'})"
0.012907625240495848,"frozenset({'LUNCH BAG  BLACK SKULL.', 'JUMBO STORAGE BAG SUKI'})"
0.026691994836949905,"frozenset({'JUMBO BAG RED RETROSPOT', 'JUMBO STORAGE BAG SUKI'})"
0.011348968607681255,"frozenset({'HAND OVER THE CHOCOLATE   SIGN ', 'WHITE HANGING HEART T-LIGHT HOLDER'})"
0.013686953556903143,"frozenset({'HAND OVER THE CHOCOLATE   SIGN ', 'GIN + TONIC DIET METAL SIGN'})"
0.011860402815323544,"frozenset({'HAND OVER THE CHOCOLATE   SIGN ', 'PLEASE ONE PERSON METAL SIGN'})"
0.014368865833759528,"frozenset({'ZINC METAL HEART DECORATION', 'WHITE HANGING HEART T-LIGHT HOLDER'})"
0.010033852073743943,"frozenset({'GIN + TONIC DIET METAL SIGN', 'NO SINGING METAL SIGN'})"
0.012079588904313095,"frozenset({'6 RIBBONS RUSTIC CHARM', 'WHITE HANGING HEART T-LIGHT HOLDER'})"
0.01091059642970215,"frozenset({'6 RIBBONS RUSTIC CHARM', 'REGENCY CAKESTAND 3 TIER'})"
0.012810209200944936,"frozenset({'GIN + TONIC DIET METAL SIGN', 'WHITE HANGING HEART T-LIGHT HOLDER'})"
0.013394705438250408,"frozenset({'GIN + TONIC DIET METAL SIGN', 'PLEASE ONE PERSON METAL SIGN'})"
0.015416088258931834,"frozenset({'GIN + TONIC DIET METAL SIGN', 'COOK WITH WINE METAL SIGN '})"
0.01337035142836268,"frozenset({'HAND OVER THE CHOCOLATE   SIGN ', 'COOK WITH WINE METAL SIGN '})"
0.010618348311049415,"frozenset({'COOK WITH WINE METAL SIGN ', 'WHITE HANGING HEART T-LIGHT HOLDER'})"
0.013686953556903143,"frozenset({'PLEASE ONE PERSON METAL SIGN', 'COOK WITH WINE METAL SIGN '})"
0.011909110835099,"frozenset({'VINTAGE SNAP CARDS', 'WOODEN BOX OF DOMINOES'})"
0.010399162222059862,"frozenset({'SET/20 RED RETROSPOT PAPER NAPKINS ', 'SET/6 RED SPOTTY PAPER PLATES'})"
0.01585446043691094,"frozenset({'SET/6 RED SPOTTY PAPER PLATES', 'SET/6 RED SPOTTY PAPER CUPS'})"
0.01288327123060812,"frozenset({'PAINTED METAL PEARS ASSORTED', 'ASSORTED COLOUR BIRD ORNAMENT'})"
0.011300260587905798,"frozenset({'PACK OF 60 PINK PAISLEY CAKE CASES', 'PACK OF 60 MUSHROOM CAKE CASES'})"
0.010934950439589879,"frozenset({'60 TEATIME FAIRY CAKE CASES', 'PACK OF 60 MUSHROOM CAKE CASES'})"
0.011592508706558535,"frozenset({'EDWARDIAN PARASOL NATURAL', 'EDWARDIAN PARASOL BLACK'})"
0.010496578261610774,"frozenset({'REX CASH+CARRY JUMBO SHOPPER', 'WHITE HANGING HEART T-LIGHT HOLDER'})"
0.013954847665668152,"frozenset({'LUNCH BAG  BLACK SKULL.', 'WHITE HANGING HEART T-LIGHT HOLDER'})"
0.014027909695331336,"frozenset({'JUMBO BAG RED RETROSPOT', 'LUNCH BAG  BLACK SKULL.'})"
0.016463310684104136,"frozenset({'JUMBO STORAGE BAG SUKI', 'JUMBO BAG WOODLAND ANIMALS'})"
0.011495092667007623,"frozenset({'JUMBO BAG WOODLAND ANIMALS', 'DOTCOM POSTAGE'})"
0.010764472370375783,"frozenset({'JUMBO  BAG BAROQUE BLACK WHITE', 'JUMBO BAG WOODLAND ANIMALS'})"
0.01030174618250895,"frozenset({'JUMBO BAG WOODLAND ANIMALS', 'JUMBO BAG STRAWBERRY'})"
0.013102457319597671,"frozenset({'JUMBO SHOPPER VINTAGE RED PAISLEY', 'JUMBO BAG WOODLAND ANIMALS'})"
0.01729134702028689,"frozenset({'JUMBO BAG RED RETROSPOT', 'JUMBO BAG WOODLAND ANIMALS'})"
0.011495092667007623,"frozenset({'JUMBO BAG WOODLAND ANIMALS', 'JUMBO BAG PINK POLKADOT'})"
0.010155622123182582,"frozenset({'JUMBO BAG RED RETROSPOT', 'JUMBO STORAGE BAG SUKI', 'JUMBO BAG WOODLAND ANIMALS'})"
0.01580575241713548,"frozenset({'JUMBO BAG OWLS', 'JUMBO STORAGE BAG SUKI'})"
0.01239619103285356,"frozenset({'JUMBO BAG OWLS', 'JUMBO BAG WOODLAND ANIMALS'})"
0.010764472370375783,"frozenset({'JUMBO BAG OWLS', 'JUMBO BAG STRAWBERRY'})"
0.011446384647232168,"frozenset({'JUMBO BAG OWLS', 'JUMBO  BAG BAROQUE BLACK WHITE'})"
0.011081074498916247,"frozenset({'JUMBO SHOPPER VINTAGE RED PAISLEY', 'JUMBO BAG OWLS'})"
0.015002070090840458,"frozenset({'JUMBO BAG OWLS', 'JUMBO BAG RED RETROSPOT'})"
0.014149679744769977,"frozenset({'CREAM HEART CARD HOLDER', 'WHITE HANGING HEART T-LIGHT HOLDER'})"
0.011616862716446262,"frozenset({'FELTCRAFT 6 FLOWER FRIENDS', 'FELTCRAFT BUTTERFLY HEARTS'})"
0.010033852073743943,"frozenset({'SMALL HEART MEASURING SPOONS', 'DOTCOM POSTAGE'})"
0.019093543751978765,"frozenset({'JUMBO  BAG BAROQUE BLACK WHITE', 'JUMBO STORAGE BAG SUKI'})"
0.011665570736221719,"frozenset({'JUMBO  BAG BAROQUE BLACK WHITE', 'WHITE HANGING HEART T-LIGHT HOLDER'})"
0.01741311706972553,"frozenset({'JUMBO SHOPPER VINTAGE RED PAISLEY', 'JUMBO  BAG BAROQUE BLACK WHITE'})"
0.02230827305715886,"frozenset({'JUMBO  BAG BAROQUE BLACK WHITE', 'JUMBO BAG RED RETROSPOT'})"
0.011787340785660358,"frozenset({'JUMBO  BAG BAROQUE BLACK WHITE', 'JUMBO BAG RED RETROSPOT', 'JUMBO STORAGE BAG SUKI'})"
0.010106914103407126,"frozenset({'JUMBO SHOPPER VINTAGE RED PAISLEY', 'JUMBO  BAG BAROQUE BLACK WHITE', 'JUMBO STORAGE BAG SUKI'})"
0.011008012469253063,"frozenset({'JUMBO SHOPPER VINTAGE RED PAISLEY', 'JUMBO  BAG BAROQUE BLACK WHITE', 'JUMBO BAG RED RETROSPOT'})"
0.011738632765884903,"frozenset({'KEY FOB , SHED', 'KEY FOB , BACK DOOR '})"
0.020286890236477437,"frozenset({'WOODEN PICTURE FRAME WHITE FINISH', 'WHITE HANGING HEART T-LIGHT HOLDER'})"
0.02713036701492901,"frozenset({'WOODEN PICTURE FRAME WHITE FINISH', 'WOODEN FRAME ANTIQUE WHITE '})"
0.012347483013078104,"frozenset({'WOODEN PICTURE FRAME WHITE FINISH', 'WOODEN FRAME ANTIQUE WHITE ', 'WHITE HANGING HEART T-LIGHT HOLDER'})"
0.01665814276320596,"frozenset({'WHITE HANGING HEART T-LIGHT HOLDER', 'PARTY BUNTING'})"
0.015367380239156377,"frozenset({'REGENCY CAKESTAND 3 TIER', 'PARTY BUNTING'})"
0.011227198558242614,"frozenset({'JUMBO BAG RED RETROSPOT', 'PARTY BUNTING'})"
0.017827135237816906,"frozenset({'60 TEATIME FAIRY CAKE CASES', '72 SWEETHEART FAIRY CAKE CASES'})"
0.015513504298482745,"frozenset({'72 SWEETHEART FAIRY CAKE CASES', 'PACK OF 60 PINK PAISLEY CAKE CASES'})"
0.01091059642970215,"frozenset({'PACK OF 72 SKULL CAKE CASES', '72 SWEETHEART FAIRY CAKE CASES'})"
0.010886242419814422,"frozenset({'72 SWEETHEART FAIRY CAKE CASES', 'WHITE HANGING HEART T-LIGHT HOLDER'})"
0.010009498063856214,"frozenset({'PACK OF 72 RETROSPOT CAKE CASES', '72 SWEETHEART FAIRY CAKE CASES'})"
0.010569640291273958,"frozenset({'60 TEATIME FAIRY CAKE CASES', '72 SWEETHEART FAIRY CAKE CASES', 'PACK OF 60 PINK PAISLEY CAKE CASES'})"
0.010691410340712599,"frozenset({'HEART IVORY TRELLIS SMALL', 'WHITE HANGING HEART T-LIGHT HOLDER'})"
0.012030880884537638,"frozenset({'JUMBO BAG STRAWBERRY', 'WHITE HANGING HEART T-LIGHT HOLDER'})"
0.018362923455346923,"frozenset({'JUMBO STORAGE BAG SUKI', 'JUMBO BAG STRAWBERRY'})"
0.015635274347921384,"frozenset({'JUMBO  BAG BAROQUE BLACK WHITE', 'JUMBO BAG STRAWBERRY'})"
0.014027909695331336,"frozenset({'JUMBO SHOPPER VINTAGE RED PAISLEY', 'JUMBO BAG STRAWBERRY'})"
0.022551813156036143,"frozenset({'JUMBO BAG RED RETROSPOT', 'JUMBO BAG STRAWBERRY'})"
0.010447870241835319,"frozenset({'JUMBO BAG RED RETROSPOT', 'JUMBO STORAGE BAG SUKI', 'JUMBO BAG STRAWBERRY'})"
0.015026424100728185,"frozenset({'60 TEATIME FAIRY CAKE CASES', 'PACK OF 72 SKULL CAKE CASES'})"
0.012907625240495848,"frozenset({'PACK OF 72 SKULL CAKE CASES', 'PACK OF 60 PINK PAISLEY CAKE CASES'})"
0.010374808212172133,"frozenset({'PACK OF 72 SKULL CAKE CASES', 'LUNCH BAG  BLACK SKULL.'})"
0.012006526874649912,"frozenset({'PACK OF 72 SKULL CAKE CASES', 'PACK OF 72 RETROSPOT CAKE CASES'})"
0.016390248654440952,"frozenset({'60 TEATIME FAIRY CAKE CASES', 'PACK OF 60 DINOSAUR CAKE CASES'})"
0.014295803804096344,"frozenset({'PACK OF 60 DINOSAUR CAKE CASES', 'PACK OF 60 PINK PAISLEY CAKE CASES'})"
0.012250066973527192,"frozenset({'PACK OF 60 DINOSAUR CAKE CASES', 'PACK OF 72 SKULL CAKE CASES'})"
0.012810209200944936,"frozenset({'PACK OF 60 DINOSAUR CAKE CASES', '72 SWEETHEART FAIRY CAKE CASES'})"
0.011056720489028518,"frozenset({'SINGLE HEART ZINC T-LIGHT HOLDER', 'WHITE HANGING HEART T-LIGHT HOLDER'})"
0.016585080733542777,"frozenset({'HANGING HEART ZINC T-LIGHT HOLDER', 'SINGLE HEART ZINC T-LIGHT HOLDER'})"
0.0137356615766786,"frozenset({'JUMBO STORAGE BAG SUKI', 'DOTCOM POSTAGE'})"
0.012420545042741288,"frozenset({'DOTCOM POSTAGE', 'WHITE HANGING HEART T-LIGHT HOLDER'})"
0.011178490538467159,"frozenset({'RED TOADSTOOL LED NIGHT LIGHT', 'DOTCOM POSTAGE'})"
0.01042351623194759,"frozenset({'STRAWBERRY CERAMIC TRINKET BOX', 'DOTCOM POSTAGE'})"
0.011909110835099,"frozenset({'DOTCOM POSTAGE', 'PARTY BUNTING'})"
0.012907625240495848,"frozenset({'RECYCLING BAG RETROSPOT ', 'DOTCOM POSTAGE'})"
0.011081074498916247,"frozenset({'JUMBO SHOPPER VINTAGE RED PAISLEY', 'DOTCOM POSTAGE'})"
0.011543800686783078,"frozenset({'REGENCY CAKESTAND 3 TIER', 'DOTCOM POSTAGE'})"
0.015391734249044105,"frozenset({'JUMBO BAG RED RETROSPOT', 'DOTCOM POSTAGE'})"
0.01285891722072039,"frozenset({'SET OF 3 HEART COOKIE CUTTERS', 'SET OF 3 BUTTERFLY COOKIE CUTTERS'})"
0.011324614597793527,"frozenset({'SUKI  SHOULDER BAG', 'DOTCOM POSTAGE'})"
0.012420545042741288,"frozenset({'BATHROOM METAL SIGN', 'KITCHEN METAL SIGN'})"
0.011519446676895351,"frozenset({'RED  HARMONICA IN BOX ', 'BLUE HARMONICA IN BOX '})"
0.016877328852195513,"frozenset({'WOODLAND CHARLOTTE BAG', 'STRAWBERRY CHARLOTTE BAG'})"
0.010934950439589879,"frozenset({'LUNCH BAG  BLACK SKULL.', 'STRAWBERRY CHARLOTTE BAG'})"
0.010204330142958039,"frozenset({'LUNCH BAG CARS BLUE', 'STRAWBERRY CHARLOTTE BAG'})"
0.014953362071065,"frozenset({'CHARLOTTE BAG SUKI DESIGN', 'STRAWBERRY CHARLOTTE BAG'})"
0.010399162222059862,"frozenset({'CHARLOTTE BAG SUKI DESIGN', 'WOODLAND CHARLOTTE BAG', 'STRAWBERRY CHARLOTTE BAG'})"
0.016122354545675944,"frozenset({'TOILET METAL SIGN', 'BATHROOM METAL SIGN'})"
0.01017997613307031,"frozenset({'EDWARDIAN PARASOL RED', 'EDWARDIAN PARASOL BLACK'})"
0.01091059642970215,"frozenset({'PINK HAPPY BIRTHDAY BUNTING', 'BLUE HAPPY BIRTHDAY BUNTING'})"
0.0125179610822922,"frozenset({'HANGING HEART JAR T-LIGHT HOLDER', 'WHITE HANGING HEART T-LIGHT HOLDER'})"
0.013711307566790872,"frozenset({'ROUND SNACK BOXES SET OF4 WOODLAND ', 'ROUND SNACK BOXES SET OF 4 FRUITS '})"
0.011129782518691702,"frozenset({'RECYCLING BAG RETROSPOT ', 'WHITE HANGING HEART T-LIGHT HOLDER'})"
0.012103942914200824,"frozenset({'RECYCLING BAG RETROSPOT ', 'JUMBO STORAGE BAG SUKI'})"
0.01091059642970215,"frozenset({'JUMBO SHOPPER VINTAGE RED PAISLEY', 'RECYCLING BAG RETROSPOT '})"
0.01522125617983001,"frozenset({'RECYCLING BAG RETROSPOT ', 'JUMBO BAG RED RETROSPOT'})"
0.01239619103285356,"frozenset({'JUMBO SHOPPER VINTAGE RED PAISLEY', 'JUMBO BAG SPACEBOY DESIGN'})"
0.015172548160054552,"frozenset({'JUMBO BAG SPACEBOY DESIGN', 'JUMBO STORAGE BAG SUKI'})"
0.015343026229268648,"frozenset({'JUMBO BAG SPACEBOY DESIGN', 'JUMBO BAG RED RETROSPOT'})"
0.021845546869292028,"frozenset({'JUMBO SHOPPER VINTAGE RED PAISLEY', 'JUMBO STORAGE BAG SUKI'})"
0.011836048805435815,"frozenset({'JUMBO SHOPPER VINTAGE RED PAISLEY', 'WHITE HANGING HEART T-LIGHT HOLDER'})"
0.02454884196682984,"frozenset({'JUMBO SHOPPER VINTAGE RED PAISLEY', 'JUMBO BAG RED RETROSPOT'})"
0.013345997418474953,"frozenset({'JUMBO SHOPPER VINTAGE RED PAISLEY', 'JUMBO BAG RED RETROSPOT', 'JUMBO STORAGE BAG SUKI'})"
0.012103942914200824,"frozenset({'PLEASE ONE PERSON METAL SIGN', 'WHITE HANGING HEART T-LIGHT HOLDER'})"
0.011081074498916247,"frozenset({'PACK OF 60 SPACEBOY CAKE CASES', 'PACK OF 60 DINOSAUR CAKE CASES'})"
0.010764472370375783,"frozenset({'PACK OF 60 SPACEBOY CAKE CASES', 'PACK OF 60 PINK PAISLEY CAKE CASES'})"
0.01030174618250895,"frozenset({'PACK OF 60 SPACEBOY CAKE CASES', 'PACK OF 72 SKULL CAKE CASES'})"
0.012664085141618568,"frozenset({'PACK OF 60 SPACEBOY CAKE CASES', '60 TEATIME FAIRY CAKE CASES'})"
0.021626360780302476,"frozenset({'LUNCH BAG  BLACK SKULL.', 'LUNCH BAG SPACEBOY DESIGN '})"
0.011008012469253063,"frozenset({'LUNCH BAG SPACEBOY DESIGN ', 'WHITE HANGING HEART T-LIGHT HOLDER'})"
0.010618348311049415,"frozenset({'JUMBO BAG RED RETROSPOT', 'LUNCH BAG SPACEBOY DESIGN '})"
0.01337035142836268,"frozenset({'LUNCH BAG SUKI  DESIGN ', 'LUNCH BAG SPACEBOY DESIGN '})"
0.01188475682521127,"frozenset({'LUNCH BAG SUKI  DESIGN ', 'LUNCH BAG  BLACK SKULL.'})"
0.011202844548354886,"frozenset({'LUNCH BAG SUKI  DESIGN ', 'LUNCH BAG CARS BLUE'})"
0.010009498063856214,"frozenset({'LUNCH BAG SUKI  DESIGN ', 'JUMBO STORAGE BAG SUKI'})"
0.01030174618250895,"frozenset({'LUNCH BAG SUKI  DESIGN ', 'LUNCH BAG WOODLAND'})"
0.010496578261610774,"frozenset({'LUNCH BAG PINK RETROSPOT', 'LUNCH BAG RED SPOTTY'})"
0.01716957697084825,"frozenset({'NATURAL SLATE HEART CHALKBOARD ', 'WHITE HANGING HEART T-LIGHT HOLDER'})"
0.010374808212172133,"frozenset({'HEART OF WICKER SMALL', 'NATURAL SLATE HEART CHALKBOARD '})"
0.010399162222059862,"frozenset({'JUMBO BAG RED RETROSPOT', 'NATURAL SLATE HEART CHALKBOARD '})"
0.011105428508803975,"frozenset({'FELTCRAFT CUSHION OWL', 'FELTCRAFT CUSHION RABBIT'})"
0.011957818854874454,"frozenset({'FELTCRAFT CUSHION BUTTERFLY', 'FELTCRAFT CUSHION RABBIT'})"
0.01030174618250895,"frozenset({'FELTCRAFT CUSHION BUTTERFLY', 'FELTCRAFT CUSHION OWL'})"
0.01385743162611724,"frozenset({'BAKING SET SPACEBOY DESIGN', 'BAKING SET 9 PIECE RETROSPOT '})"
0.01865517157399966,"frozenset({'REGENCY CAKESTAND 3 TIER', 'WHITE HANGING HEART T-LIGHT HOLDER'})"
0.013760015586566329,"frozenset({'PLASTERS IN TIN CIRCUS PARADE ', 'PLASTERS IN TIN SPACEBOY'})"
0.01300504128004676,"frozenset({'PLASTERS IN TIN CIRCUS PARADE ', 'PLASTERS IN TIN WOODLAND ANIMALS'})"
0.011592508706558535,"frozenset({'PLASTERS IN TIN STRONGMAN', 'PLASTERS IN TIN CIRCUS PARADE '})"
0.010131268113294853,"frozenset({'PLASTERS IN TIN STRONGMAN', 'PLASTERS IN TIN SPACEBOY'})"
0.015123840140279097,"frozenset({'PLASTERS IN TIN SPACEBOY', 'PLASTERS IN TIN WOODLAND ANIMALS'})"
0.010983658459365334,"frozenset({'PLASTERS IN TIN SPACEBOY', 'PLASTERS IN TIN VINTAGE PAISLEY '})"
0.010569640291273958,"frozenset({'PLASTERS IN TIN VINTAGE PAISLEY ', 'PLASTERS IN TIN WOODLAND ANIMALS'})"
0.010472224251723046,"frozenset({'PLASTERS IN TIN SKULLS', 'PLASTERS IN TIN SPACEBOY'})"
0.010861888409926695,"frozenset({'PLASTERS IN TIN SKULLS', 'PLASTERS IN TIN WOODLAND ANIMALS'})"
0.010861888409926695,"frozenset({'RED RETROSPOT CAKE STAND', 'REGENCY CAKESTAND 3 TIER'})"
0.019020481722315578,"frozenset({'HEART OF WICKER SMALL', 'WHITE HANGING HEART T-LIGHT HOLDER'})"
0.024475779937166653,"frozenset({'HEART OF WICKER SMALL', 'HEART OF WICKER LARGE'})"
0.01863081756411193,"frozenset({'WHITE HANGING HEART T-LIGHT HOLDER', 'HEART OF WICKER LARGE'})"
0.010326100192396678,"frozenset({'HEART OF WICKER SMALL', 'WHITE HANGING HEART T-LIGHT HOLDER', 'HEART OF WICKER LARGE'})"
0.011836048805435815,"frozenset({'RED KITCHEN SCALES', 'IVORY KITCHEN SCALES'})"
0.012688439151506296,"frozenset({'JUMBO BAG RED RETROSPOT', 'REGENCY CAKESTAND 3 TIER'})"
0.01768101117849054,"frozenset({'JUMBO BAG RED RETROSPOT', 'WHITE HANGING HEART T-LIGHT HOLDER'})"
0.016877328852195513,"frozenset({'CHARLOTTE BAG SUKI DESIGN', 'WOODLAND CHARLOTTE BAG'})"
0.012079588904313095,"frozenset({'CHARLOTTE BAG SUKI DESIGN', 'JUMBO BAG RED RETROSPOT'})"
0.011665570736221719,"frozenset({'CHARLOTTE BAG SUKI DESIGN', 'JUMBO STORAGE BAG SUKI'})"
0.010886242419814422,"frozenset({'CHARLOTTE BAG SUKI DESIGN', 'LUNCH BAG  BLACK SKULL.'})"
0.020189474196926523,"frozenset({'SPACEBOY LUNCH BOX ', 'DOLLY GIRL LUNCH BOX'})"
0.010593994301161687,"frozenset({'WHITE HANGING HEART T-LIGHT HOLDER', 'RECIPE BOX PANTRY YELLOW DESIGN'})"
0.010886242419814422,"frozenset({'REGENCY CAKESTAND 3 TIER', 'RECIPE BOX PANTRY YELLOW DESIGN'})"
0.013394705438250408,"frozenset({'WOODEN STAR CHRISTMAS SCANDINAVIAN', 'WOODEN HEART CHRISTMAS SCANDINAVIAN'})"
0.010593994301161687,"frozenset({'WOODEN TREE CHRISTMAS SCANDINAVIAN', 'WOODEN STAR CHRISTMAS SCANDINAVIAN'})"
0.013394705438250408,"frozenset({'LUNCH BAG DOLLY GIRL DESIGN', 'LUNCH BAG SPACEBOY DESIGN '})"
0.010399162222059862,"frozenset({'LUNCH BAG DOLLY GIRL DESIGN', 'LUNCH BAG  BLACK SKULL.'})"
0.010131268113294853,"frozenset({'LUNCH BAG DOLLY GIRL DESIGN', 'LUNCH BAG RED RETROSPOT'})"
0.01792455127736782,"frozenset({'ROSES REGENCY TEACUP AND SAUCER ', 'REGENCY CAKESTAND 3 TIER'})"
0.024938506125033486,"frozenset({'GREEN REGENCY TEACUP AND SAUCER', 'ROSES REGENCY TEACUP AND SAUCER '})"
0.017340055040062346,"frozenset({'GREEN REGENCY TEACUP AND SAUCER', 'REGENCY CAKESTAND 3 TIER'})"
0.010082560093519398,"frozenset({'GREEN REGENCY TEACUP AND SAUCER', 'DOTCOM POSTAGE'})"
0.013881785636004968,"frozenset({'GREEN REGENCY TEACUP AND SAUCER', 'ROSES REGENCY TEACUP AND SAUCER ', 'REGENCY CAKESTAND 3 TIER'})"
0.020822678454007454,"frozenset({'GREEN REGENCY TEACUP AND SAUCER', 'PINK REGENCY TEACUP AND SAUCER'})"
0.019604977959621052,"frozenset({'PINK REGENCY TEACUP AND SAUCER', 'ROSES REGENCY TEACUP AND SAUCER '})"
0.01337035142836268,"frozenset({'PINK REGENCY TEACUP AND SAUCER', 'REGENCY CAKESTAND 3 TIER'})"
0.017705365188378265,"frozenset({'GREEN REGENCY TEACUP AND SAUCER', 'PINK REGENCY TEACUP AND SAUCER', 'ROSES REGENCY TEACUP AND SAUCER '})"
0.011909110835099,"frozenset({'GREEN REGENCY TEACUP AND SAUCER', 'PINK REGENCY TEACUP AND SAUCER', 'REGENCY CAKESTAND 3 TIER'})"
0.011300260587905798,"frozenset({'PINK REGENCY TEACUP AND SAUCER', 'ROSES REGENCY TEACUP AND SAUCER ', 'REGENCY CAKESTAND 3 TIER'})"
0.010350454202284406,"frozenset({'GREEN REGENCY TEACUP AND SAUCER', 'PINK REGENCY TEACUP AND SAUCER', 'ROSES REGENCY TEACUP AND SAUCER ', 'REGENCY CAKESTAND 3 TIER'})"
0.01580575241713548,"frozenset({'HAND WARMER OWL DESIGN', 'HAND WARMER SCOTTY DOG DESIGN'})"
0.015172548160054552,"frozenset({'HAND WARMER OWL DESIGN', 'HAND WARMER BIRD DESIGN'})"
0.013516475487689047,"frozenset({'HAND WARMER SCOTTY DOG DESIGN', 'HAND WARMER BIRD DESIGN'})"
0.014904654051289545,"frozenset({'HOT WATER BOTTLE I AM SO POORLY', 'CHOCOLATE HOT WATER BOTTLE'})"
0.010740118360488054,"frozenset({'HOT WATER BOTTLE TEA AND SYMPATHY', 'HOT WATER BOTTLE I AM SO POORLY'})"
0.010740118360488054,"frozenset({'SET OF 20 VINTAGE CHRISTMAS NAPKINS', 'PAPER CHAIN KIT VINTAGE CHRISTMAS'})"
0.020433014295803804,"frozenset({""PAPER CHAIN KIT 50'S CHRISTMAS "", 'PAPER CHAIN KIT VINTAGE CHRISTMAS'})"
0.011665570736221719,"frozenset({'60 CAKE CASES VINTAGE CHRISTMAS', 'SET OF 20 VINTAGE CHRISTMAS NAPKINS'})"
0.010618348311049415,"frozenset({'60 CAKE CASES VINTAGE CHRISTMAS', 'PAPER CHAIN KIT VINTAGE CHRISTMAS'})"
0.010009498063856214,"frozenset({'60 CAKE CASES VINTAGE CHRISTMAS', ""PAPER CHAIN KIT 50'S CHRISTMAS ""})"
0.010228684152845766,"frozenset({'CANDLEHOLDER PINK HANGING HEART', 'WHITE HANGING HEART T-LIGHT HOLDER'})"
0.013151165339373128,"frozenset({'JUMBO SHOPPER VINTAGE RED PAISLEY', 'JUMBO BAG PINK POLKADOT'})"
0.012055234894425367,"frozenset({'JUMBO  BAG BAROQUE BLACK WHITE', 'JUMBO BAG PINK POLKADOT'})"
0.023525973551545263,"frozenset({'JUMBO BAG RED RETROSPOT', 'JUMBO BAG PINK POLKADOT'})"
0.01078882638026351,"frozenset({'JUMBO BAG PINK VINTAGE PAISLEY', 'JUMBO BAG PINK POLKADOT'})"
0.010253038162733494,"frozenset({'JUMBO BAG STRAWBERRY', 'JUMBO BAG PINK POLKADOT'})"
0.014539343902973624,"frozenset({'JUMBO STORAGE BAG SUKI', 'JUMBO BAG PINK POLKADOT'})"
0.010642702320937142,"frozenset({'JUMBO SHOPPER VINTAGE RED PAISLEY', 'JUMBO BAG RED RETROSPOT', 'JUMBO BAG PINK POLKADOT'})"
0.011543800686783078,"frozenset({'JUMBO BAG RED RETROSPOT', 'JUMBO STORAGE BAG SUKI', 'JUMBO BAG PINK POLKADOT'})"
0.012201358953751735,"frozenset({'LUNCH BAG PINK POLKADOT', 'LUNCH BAG SPACEBOY DESIGN '})"
0.015537858308370473,"frozenset({'LUNCH BAG PINK POLKADOT', 'LUNCH BAG  BLACK SKULL.'})"
0.014052263705219064,"frozenset({'LUNCH BAG PINK POLKADOT', 'LUNCH BAG CARS BLUE'})"
0.011275906578018071,"frozenset({'LUNCH BAG PINK POLKADOT', 'LUNCH BAG WOODLAND'})"
0.010374808212172133,"frozenset({'LUNCH BAG PINK POLKADOT', 'JUMBO BAG RED RETROSPOT'})"
0.017510533109276444,"frozenset({'LUNCH BAG PINK POLKADOT', 'LUNCH BAG RED RETROSPOT'})"
0.010350454202284406,"frozenset({'LUNCH BAG PINK POLKADOT', 'LUNCH BAG  BLACK SKULL.', 'LUNCH BAG RED RETROSPOT'})"
0.01237183702296583,"frozenset({'CHARLOTTE BAG SUKI DESIGN', 'CHARLOTTE BAG PINK POLKADOT'})"
0.011519446676895351,"frozenset({'CHARLOTTE BAG PINK POLKADOT', 'WOODLAND CHARLOTTE BAG'})"
0.010886242419814422,"frozenset({'CHARLOTTE BAG PINK POLKADOT', 'STRAWBERRY CHARLOTTE BAG'})"
0.015610920338033657,"frozenset({'RED RETROSPOT CHARLOTTE BAG', 'CHARLOTTE BAG PINK POLKADOT'})"
0.014052263705219064,"frozenset({'PACK OF 72 RETROSPOT CAKE CASES', 'PACK OF 60 PINK PAISLEY CAKE CASES'})"
0.01446628187331044,"frozenset({'60 TEATIME FAIRY CAKE CASES', 'PACK OF 72 RETROSPOT CAKE CASES'})"
0.011008012469253063,"frozenset({'PACK OF 72 RETROSPOT CAKE CASES', 'REGENCY CAKESTAND 3 TIER'})"
0.010569640291273958,"frozenset({'PACK OF 72 RETROSPOT CAKE CASES', 'JUMBO BAG RED RETROSPOT'})"
0.010447870241835319,"frozenset({'PACK OF 72 RETROSPOT CAKE CASES', 'LUNCH BAG RED RETROSPOT'})"
0.016901682862083243,"frozenset({'JUMBO BAG RED RETROSPOT', 'LUNCH BAG RED RETROSPOT'})"
0.015635274347921384,"frozenset({'LUNCH BAG CARS BLUE', 'LUNCH BAG RED RETROSPOT'})"
0.015562212318258202,"frozenset({'LUNCH BAG SPACEBOY DESIGN ', 'LUNCH BAG RED RETROSPOT'})"
0.010009498063856214,"frozenset({'LUNCH BAG RED RETROSPOT', 'WHITE HANGING HEART T-LIGHT HOLDER'})"
0.018338569445459196,"frozenset({'LUNCH BAG  BLACK SKULL.', 'LUNCH BAG RED RETROSPOT'})"
0.015099486130391368,"frozenset({'LUNCH BAG WOODLAND', 'LUNCH BAG RED RETROSPOT'})"
0.010009498063856214,"frozenset({'JUMBO STORAGE BAG SUKI', 'LUNCH BAG RED RETROSPOT'})"
0.015148194150166825,"frozenset({'CHARLOTTE BAG SUKI DESIGN', 'RED RETROSPOT CHARLOTTE BAG'})"
0.01446628187331044,"frozenset({'RED RETROSPOT CHARLOTTE BAG', 'WOODLAND CHARLOTTE BAG'})"
0.013881785636004968,"frozenset({'RED RETROSPOT CHARLOTTE BAG', 'STRAWBERRY CHARLOTTE BAG'})"
0.010082560093519398,"frozenset({'RED RETROSPOT CHARLOTTE BAG', 'LUNCH BAG  BLACK SKULL.'})"
0.011275906578018071,"frozenset({'RED RETROSPOT CHARLOTTE BAG', 'LUNCH BAG RED RETROSPOT'})"
0.012420545042741288,"frozenset({'RED RETROSPOT CHARLOTTE BAG', 'JUMBO BAG RED RETROSPOT'})"
0.02035995226614062,"frozenset({'ALARM CLOCK BAKELIKE RED ', 'ALARM CLOCK BAKELIKE GREEN'})"
0.010326100192396678,"frozenset({'ALARM CLOCK BAKELIKE RED ', 'ALARM CLOCK BAKELIKE ORANGE'})"
0.012225712963639463,"frozenset({'ALARM CLOCK BAKELIKE IVORY', 'ALARM CLOCK BAKELIKE RED '})"
0.010861888409926695,"frozenset({'ALARM CLOCK BAKELIKE IVORY', 'ALARM CLOCK BAKELIKE GREEN'})"
0.01446628187331044,"frozenset({'ALARM CLOCK BAKELIKE RED ', 'ALARM CLOCK BAKELIKE PINK'})"
0.012980687270159032,"frozenset({'ALARM CLOCK BAKELIKE PINK', 'ALARM CLOCK BAKELIKE GREEN'})"
0.013565183507464504,"frozenset({""POPPY'S PLAYHOUSE BEDROOM "", ""POPPY'S PLAYHOUSE KITCHEN""})"
0.011543800686783078,"frozenset({""POPPY'S PLAYHOUSE LIVINGROOM "", ""POPPY'S PLAYHOUSE KITCHEN""})"
0.011227198558242614,"frozenset({""POPPY'S PLAYHOUSE BEDROOM "", ""POPPY'S PLAYHOUSE LIVINGROOM ""})"
0.010740118360488054,"frozenset({'HAND WARMER OWL DESIGN', 'HAND WARMER UNION JACK'})"
0.011909110835099,"frozenset({'JAM MAKING SET PRINTED', 'JAM MAKING SET WITH JARS'})"
0.013540829497576776,"frozenset({'LUNCH BAG SUKI DESIGN ', 'LUNCH BAG RED RETROSPOT'})"
0.011470738657119894,"frozenset({'LUNCH BAG CARS BLUE', 'LUNCH BAG SUKI DESIGN '})"
0.011081074498916247,"frozenset({'LUNCH BAG SUKI DESIGN ', 'LUNCH BAG SPACEBOY DESIGN '})"
0.010106914103407126,"frozenset({'LUNCH BAG PINK POLKADOT', 'LUNCH BAG SUKI DESIGN '})"
0.012542315092179927,"frozenset({'LUNCH BAG  BLACK SKULL.', 'LUNCH BAG SUKI DESIGN '})"
0.01091059642970215,"frozenset({'JUMBO BAG RED RETROSPOT', 'JUMBO BAG SCANDINAVIAN BLUE PAISLEY'})"
0.011860402815323544,"frozenset({'LUNCH BAG APPLE DESIGN', 'LUNCH BAG RED RETROSPOT'})"
0.010934950439589879,"frozenset({'LUNCH BAG APPLE DESIGN', 'LUNCH BAG SUKI DESIGN '})"
0.010106914103407126,"frozenset({'LUNCH BAG APPLE DESIGN', 'LUNCH BAG  BLACK SKULL.'})"
0.013297289398699496,"frozenset({'JUMBO BAG APPLES', 'JUMBO BAG RED RETROSPOT'})"
0.010082560093519398,"frozenset({'JUMBO BAG RED RETROSPOT', 'JUMBO BAG ALPHABET'})"
0.011762986775772631,"frozenset({'SPOTTY BUNTING', 'PARTY BUNTING'})"
0.010350454202284406,"frozenset({'JUMBO BAG VINTAGE LEAF', 'JUMBO BAG RED RETROSPOT'})"
0.013297289398699496,"frozenset({'GARDENERS KNEELING PAD KEEP CALM ', 'GARDENERS KNEELING PAD CUP OF TEA '})"
